model_id,image_id,N_valid,reference_crop_fraction,predicted_crop_fraction,crop_TP,crop_FP,crop_FN,crop_TN,absolute_error,signed_error
M1,ave-0007-0000,2081067,0.0028105774585825446,0.03642554516505235,1344,74460,4505,2000758,0.03361496770646981,0.03361496770646981
M1,ave-0032-0006,2070507,0.014721515068531523,0.009312211936496713,14717,4564,15764,2035462,0.005409303132034811,-0.005409303132034811
M1,ave-0037-0015,2087959,0.019690041806376467,0.025383640196000017,39813,13187,1299,2033660,0.00569359838962355,0.00569359838962355
M1,ave-0042-0008,2087665,0.003457451267324978,0.0012842098708365566,2544,137,4674,2080310,0.0021732413964884213,-0.0021732413964884213
M1,ave-0065-0014,2088329,0.044867930292592784,0.027002450284413997,42261,14129,51438,1980501,0.017865480008178787,-0.017865480008178787
M1,ave-0083-0014,2088434,0.019657312608394616,0.018029777335553818,30039,7615,11014,2039766,0.001627535272840798,-0.001627535272840798
M1,ave-0084-0011,2088453,0.036356097072809394,0.04678055958166164,55757,41942,20171,1970583,0.010424462508852247,0.010424462508852247
M1,ave-0088-0010,2088711,0.1421216242936433,0.15950986038757875,290633,42537,6218,1749323,0.017388236093935444,0.017388236093935444
M1,ave-0092-0008,2087536,0.08851535973511356,0.05045086647607514,102869,2449,81910,1900308,0.038064493259038414,-0.038064493259038414
M1,ave-0118-0030,2088960,0.0009215111825980392,0.0408380246629902,1389,83920,536,2003115,0.03991651348039216,0.03991651348039216
M1,ave-0199-0011,2088960,0.005077167585784314,0.0006333295036764706,1250,73,9356,2078281,0.004443838082107843,-0.004443838082107843
M1,ave-0202-0010,2088635,0.008407404836172907,0.007001702068575888,12486,2138,5074,2068937,0.001405702767597019,-0.001405702767597019
M1,ave-0203-0006,2088823,0.0025430589379760757,0.0027762045898575417,3662,2137,1650,2081374,0.00023314565188146605,0.00023314565188146605
M1,ave-0204-0005,2086582,0.0038416894231810684,0.003644716574761979,4748,2857,3268,2075709,0.00019697284841908944,-0.00019697284841908944
M1,ave-0225-0010,2088409,0.00419936899333416,0.0015801502483469474,3177,123,5593,2079516,0.0026192187449872125,-0.0026192187449872125
M1,ave-0228-0020,2088740,0.002173080421689631,0.0067959631165200075,881,13314,3658,2070887,0.004622882694830376,0.004622882694830376
M1,ave-0301-0007,2088564,7.517126599903091e-05,0.0,0,0,157,2088407,7.517126599903091e-05,-7.517126599903091e-05
M1,ave-0312-0008,2088825,0.000533314183811473,0.0,0,0,1114,2087711,0.000533314183811473,-0.000533314183811473
M1,ave-0315-0008,2088688,0.0010576017097814513,0.014051883287499138,99,29251,2110,2057228,0.012994281577717688,0.012994281577717688
M1,ave-0319-0013,2088093,0.0008170134184636412,5.267964597362282e-06,0,11,1706,2086376,0.000811745453866279,-0.000811745453866279
M1,ave-0322-0006,2088692,0.0002489596359827107,4.787685307359821e-07,0,1,520,2088171,0.0002484808674519747,-0.0002484808674519747
M1,ave-0323-0007,2088837,0.00011776888287597357,7.65976473990072e-06,0,16,246,2088575,0.00011010911813607285,-0.00011010911813607285
M1,ave-0355-0010,2084818,0.0016639342139217908,9.593163527943446e-07,0,2,3469,2081347,0.0016629748975689966,-0.0016629748975689966
M1,ave-0358-0032,2088746,0.0070123413761175365,0.00567038787866021,10146,1698,4501,2072401,0.001341953497457326,-0.001341953497457326
M1,ave-0362-0025,2088960,0.0036185470281862747,0.0013633578431372548,2545,303,5014,2081098,0.00225518918504902,-0.00225518918504902
M1,ave-0364-0026,2086002,0.004195585622640822,0.0008600183508932397,1053,741,7699,2076509,0.003335567271747582,-0.003335567271747582
M1,ave-0365-0004,2088263,0.0008667490636955211,0.0008926078755405808,1281,583,529,2085870,2.5858811845059734e-05,2.5858811845059734e-05
M1,ave-0463-0002,2082861,0.03590109949727802,0.041549100011954714,69138,17403,5639,1990681,0.00564800051467669,0.00564800051467669
M1,ave-0464-0011,2088802,0.08147445282032476,0.09983090786010354,164893,43634,5291,1874984,0.018356455039778785,0.018356455039778785
M1,ave-0465-0002,2084269,0.06322504436807341,0.07944416003884336,123986,41597,7792,1910894,0.016219115670769946,0.016219115670769946
M1,ave-0466-0011,2088396,0.07420862709945815,0.08516488252228026,154326,23532,651,1909887,0.010956255422822109,0.010956255422822109
M1,ave-0479-0012,2088960,0.004188208486519608,0.00305941712622549,5296,1095,3453,2079116,0.001128791360294118,-0.001128791360294118
M1,ave-0480-0002,2087819,0.01260310400470539,0.015557862056049879,25104,7378,1209,2054128,0.0029547580513444895,0.0029547580513444895
M1,ave-0481-0002,2088419,0.04170571135389977,0.05441149501129802,84811,28823,2288,1972497,0.012705783657398252,0.012705783657398252
M1,ave-0486-0002,2088826,0.08169660852555455,0.09265012978582228,157030,36500,13620,1881676,0.010953521260267732,0.010953521260267732
M1,ave-0487-0002,2086519,0.133599550255713,0.15567171926064416,266932,57880,11826,1749881,0.02207216900493117,0.02207216900493117
M1,ave-0503-0011,2088960,0.12063275505514706,0.16015577129289216,251668,82891,329,1754072,0.039523016237745096,0.039523016237745096
M1,ave-0506-0007,2088275,0.08567597658354384,0.028908070057822845,23283,37085,155632,1872275,0.056767906525720994,-0.056767906525720994
M1,ave-0516-0012,2086368,0.07897743830426847,0.09139519011027776,157938,32746,6838,1888846,0.012417751806009292,0.012417751806009292
M1,ave-0519-0010,2088960,0.24727615655637256,0.2597890816482843,478742,63947,37808,1508463,0.012512925091911736,0.012512925091911736
M1,ave-0522-0002,2081156,0.04658276457891672,0.06365885113850187,78267,54217,18679,1929993,0.017076086559585146,0.017076086559585146
M1,ave-0523-0012,2088960,0.05670142080269608,0.060559321384803924,110279,16227,8168,1954286,0.0038579005821078455,0.0038579005821078455
M1,ave-0525-0011,2088079,0.1265105391127443,0.13473819716591182,255646,25698,8518,1798217,0.008227658053167525,0.008227658053167525
M1,ave-0546-0004,2088957,0.23128336294141047,0.2433310020263701,428418,79890,54723,1525926,0.012047639084959622,0.012047639084959622
M1,ave-0553-0002,2088827,0.2018228412405623,0.1995737320515294,329175,87700,92398,1579554,0.0022491091890328996,-0.0022491091890328996
M1,ave-0571-0011,2088960,0.09918476179534313,0.12232450597426471,202698,52833,4495,1828934,0.023139744178921576,0.023139744178921576
M1,ave-0605-0002,2088960,0.31410558363970587,0.26489640778186274,497349,56009,158805,1376797,0.049209175857843124,-0.049209175857843124
M1,ave-0606-0004,2085143,0.023982527817037008,0.031606944943344414,46337,19568,3670,2015568,0.007624417126307407,0.007624417126307407
M2,ave-0007-0000,2081067,0.0028105774585825446,0.002030208542060395,0,4225,5849,2070993,0.0007803689165221494,-0.0007803689165221494
M2,ave-0032-0006,2070507,0.014721515068531523,0.004127008505646202,8165,380,22316,2039646,0.010594506562885322,-0.010594506562885322
M2,ave-0037-0015,2087959,0.019690041806376467,0.021266701118173297,37446,6958,3666,2039889,0.001576659311796829,0.001576659311796829
M2,ave-0042-0008,2087665,0.003457451267324978,0.0004421207425520857,923,0,6295,2080447,0.0030153305247728923,-0.0030153305247728923
M2,ave-0065-0014,2088329,0.044867930292592784,0.01964632967315016,40188,840,53511,1993790,0.025221600619442622,-0.025221600619442622
M2,ave-0083-0014,2088434,0.019657312608394616,0.015556632385797206,29751,2738,11302,2044643,0.00410068022259741,-0.00410068022259741
M2,ave-0084-0011,2088453,0.036356097072809394,0.02283412650416361,37083,10605,38845,2001920,0.013521970568645784,-0.013521970568645784
M2,ave-0088-0010,2088711,0.1421216242936433,0.1313192681993823,258056,16232,38795,1775628,0.010802356094261,-0.010802356094261
M2,ave-0092-0008,2087536,0.08851535973511356,0.05057924749561205,105154,432,79625,1902325,0.0379361122395015,-0.0379361122395015
M2,ave-0118-0030,2088960,0.0009215111825980392,0.03388576133578431,0,70786,1925,2016249,0.03296425015318627,0.03296425015318627
M2,ave-0199-0011,2088960,0.005077167585784314,0.0,0,0,10606,2078354,0.005077167585784314,-0.005077167585784314
M2,ave-0202-0010,2088635,0.008407404836172907,0.004858196860629071,8746,1401,8814,2069674,0.0035492079755438362,-0.0035492079755438362
M2,ave-0203-0006,2088823,0.0025430589379760757,0.0013002537792814422,2433,283,2879,2083228,0.0012428051586946334,-0.0012428051586946334
M2,ave-0204-0005,2086582,0.0038416894231810684,0.0022007282723612107,3969,623,4047,2077943,0.0016409611508198577,-0.0016409611508198577
M2,ave-0225-0010,2088409,0.00419936899333416,0.001140102345852752,2307,74,6463,2079565,0.0030592666474814076,-0.0030592666474814076
M2,ave-0228-0020,2088740,0.002173080421689631,0.007427923054090025,0,15515,4539,2068686,0.005254842632400394,0.005254842632400394
M2,ave-0301-0007,2088564,7.517126599903091e-05,0.0,0,0,157,2088407,7.517126599903091e-05,-7.517126599903091e-05
M2,ave-0312-0008,2088825,0.000533314183811473,0.0,0,0,1114,2087711,0.000533314183811473,-0.000533314183811473
M2,ave-0315-0008,2088688,0.0010576017097814513,0.0008191745248692002,0,1711,2209,2084768,0.00023842718491225113,-0.00023842718491225113
M2,ave-0319-0013,2088093,0.0008170134184636412,0.0,0,0,1706,2086387,0.0008170134184636412,-0.0008170134184636412
M2,ave-0322-0006,2088692,0.0002489596359827107,0.0,0,0,520,2088172,0.0002489596359827107,-0.0002489596359827107
M2,ave-0323-0007,2088837,0.00011776888287597357,0.0,0,0,246,2088591,0.00011776888287597357,-0.00011776888287597357
M2,ave-0355-0010,2084818,0.0016639342139217908,0.0,0,0,3469,2081349,0.0016639342139217908,-0.0016639342139217908
M2,ave-0358-0032,2088746,0.0070123413761175365,0.0039770273647442055,7116,1191,7531,2072908,0.003035314011373331,-0.003035314011373331
M2,ave-0362-0025,2088960,0.0036185470281862747,0.0011833639705882352,1732,740,5827,2080661,0.0024351830575980397,-0.0024351830575980397
M2,ave-0364-0026,2086002,0.004195585622640822,0.0,0,0,8752,2077250,0.004195585622640822,-0.004195585622640822
M2,ave-0365-0004,2088263,0.0008667490636955211,0.0011128866431096083,1440,884,370,2085569,0.00024613757941408724,0.00024613757941408724
M2,ave-0463-0002,2082861,0.03590109949727802,0.024812985600095254,45851,5831,28926,2002253,0.01108811389718277,-0.01108811389718277
M2,ave-0464-0011,2088802,0.08147445282032476,0.06372217184778643,118224,14879,51960,1903739,0.017752280972538323,-0.017752280972538323
M2,ave-0465-0002,2084269,0.06322504436807341,0.046039642675681496,83726,12233,48052,1940258,0.017185401692391918,-0.017185401692391918
M2,ave-0466-0011,2088396,0.07420862709945815,0.07147590782591041,139360,9910,15617,1923509,0.0027327192735477346,-0.0027327192735477346
M2,ave-0479-0012,2088960,0.004188208486519608,0.0005002489276960784,978,67,7771,2080144,0.0036879595588235298,-0.0036879595588235298
M2,ave-0480-0002,2087819,0.01260310400470539,0.010441039189699873,19352,2447,6961,2059059,0.002162064815005516,-0.002162064815005516
M2,ave-0481-0002,2088419,0.04170571135389977,0.03855308728756059,71467,9048,15632,1992272,0.003152624066339177,-0.003152624066339177
M2,ave-0486-0002,2088826,0.08169660852555455,0.05091041570719629,97091,9252,73559,1908924,0.03078619281835826,-0.03078619281835826
M2,ave-0487-0002,2086519,0.133599550255713,0.12564179861290503,238912,23242,39846,1784519,0.007957751642807959,-0.007957751642807959
M2,ave-0503-0011,2088960,0.12063275505514706,0.1259732115502451,232468,30685,19529,1806278,0.005340456495098039,0.005340456495098039
M2,ave-0506-0007,2088275,0.08567597658354384,0.014717410302761849,21880,8854,157035,1900506,0.070958566280782,-0.070958566280782
M2,ave-0516-0012,2086368,0.07897743830426847,0.07115858755502386,136847,11616,27929,1909976,0.007818850749244613,-0.007818850749244613
M2,ave-0519-0010,2088960,0.24727615655637256,0.18778004365808823,372310,19955,144240,1552455,0.059496112898284326,-0.059496112898284326
M2,ave-0522-0002,2081156,0.04658276457891672,0.035403400802246444,61707,11973,35239,1972237,0.011179363776670274,-0.011179363776670274
M2,ave-0523-0012,2088960,0.05670142080269608,0.0479037415747549,95566,4503,22881,1966010,0.008797679227941176,-0.008797679227941176
M2,ave-0525-0011,2088079,0.1265105391127443,0.093915029076965,189211,6891,74953,1817024,0.03259551003577929,-0.03259551003577929
M2,ave-0546-0004,2088957,0.23128336294141047,0.0810050182938184,163346,5870,319795,1599946,0.15027834464759207,-0.15027834464759207
M2,ave-0553-0002,2088827,0.2018228412405623,0.051721372808758215,100485,7552,321088,1659702,0.15010146843180408,-0.15010146843180408
M2,ave-0571-0011,2088960,0.09918476179534313,0.0741076899509804,141858,12950,65335,1868817,0.02507707184436274,-0.02507707184436274
M2,ave-0605-0002,2088960,0.31410558363970587,0.07020574831495098,138871,7786,517283,1425020,0.2438998353247549,-0.2438998353247549
M2,ave-0606-0004,2085143,0.023982527817037008,0.015563440972633532,28391,4061,21616,2031075,0.008419086844403475,-0.008419086844403475
M3,ave-0007-0000,2081067,0.0028105774585825446,0.0,0,0,5849,2075218,0.0028105774585825446,-0.0028105774585825446
M3,ave-0032-0006,2070507,0.014721515068531523,0.0022912262552118876,4631,113,25850,2039913,0.012430288813319635,-0.012430288813319635
M3,ave-0037-0015,2087959,0.019690041806376467,0.015719657330436086,30536,2286,10576,2044561,0.003970384475940381,-0.003970384475940381
M3,ave-0042-0008,2087665,0.003457451267324978,0.0,0,0,7218,2080447,0.003457451267324978,-0.003457451267324978
M3,ave-0065-0014,2088329,0.044867930292592784,0.010119574070943802,20498,635,73201,1993995,0.034748356221648985,-0.034748356221648985
M3,ave-0083-0014,2088434,0.019657312608394616,0.008662950325459173,17620,472,23433,2046909,0.010994362282935443,-0.010994362282935443
M3,ave-0084-0011,2088453,0.036356097072809394,0.01692401026022611,28449,6896,47479,2005629,0.019432086812583283,-0.019432086812583283
M3,ave-0088-0010,2088711,0.1421216242936433,0.046961499221290066,91750,6339,205101,1785521,0.09516012507235325,-0.09516012507235325
M3,ave-0092-0008,2087536,0.08851535973511356,0.01554655823899564,32425,29,152354,1902728,0.07296880149611791,-0.07296880149611791
M3,ave-0118-0030,2088960,0.0009215111825980392,0.027197265625,0,56814,1925,2030221,0.02627575444240196,0.02627575444240196
M3,ave-0199-0011,2088960,0.005077167585784314,0.0,0,0,10606,2078354,0.005077167585784314,-0.005077167585784314
M3,ave-0202-0010,2088635,0.008407404836172907,0.0,0,0,17560,2071075,0.008407404836172907,-0.008407404836172907
M3,ave-0203-0006,2088823,0.0025430589379760757,0.0,0,0,5312,2083511,0.0025430589379760757,-0.0025430589379760757
M3,ave-0204-0005,2086582,0.0038416894231810684,0.0006201529582829719,1290,4,6726,2078562,0.0032215364648980967,-0.0032215364648980967
M3,ave-0225-0010,2088409,0.00419936899333416,0.0008743498040853109,1809,17,6961,2079622,0.003325019189248849,-0.003325019189248849
M3,ave-0228-0020,2088740,0.002173080421689631,0.0,0,0,4539,2084201,0.002173080421689631,-0.002173080421689631
M3,ave-0301-0007,2088564,7.517126599903091e-05,0.0,0,0,157,2088407,7.517126599903091e-05,-7.517126599903091e-05
M3,ave-0312-0008,2088825,0.000533314183811473,0.0,0,0,1114,2087711,0.000533314183811473,-0.000533314183811473
M3,ave-0315-0008,2088688,0.0010576017097814513,0.0004131780332917123,0,863,2209,2085616,0.000644423676489739,-0.000644423676489739
M3,ave-0319-0013,2088093,0.0008170134184636412,0.0,0,0,1706,2086387,0.0008170134184636412,-0.0008170134184636412
M3,ave-0322-0006,2088692,0.0002489596359827107,0.0,0,0,520,2088172,0.0002489596359827107,-0.0002489596359827107
M3,ave-0323-0007,2088837,0.00011776888287597357,0.0,0,0,246,2088591,0.00011776888287597357,-0.00011776888287597357
M3,ave-0355-0010,2084818,0.0016639342139217908,4.796581763971723e-07,0,1,3469,2081348,0.0016634545557453937,-0.0016634545557453937
M3,ave-0358-0032,2088746,0.0070123413761175365,0.00027001847041239097,564,0,14083,2074099,0.006742322905705146,-0.006742322905705146
M3,ave-0362-0025,2088960,0.0036185470281862747,0.0,0,0,7559,2081401,0.0036185470281862747,-0.0036185470281862747
M3,ave-0364-0026,2086002,0.004195585622640822,0.0,0,0,8752,2077250,0.004195585622640822,-0.004195585622640822
M3,ave-0365-0004,2088263,0.0008667490636955211,0.0005827810002858835,978,239,832,2086214,0.00028396806340963757,-0.00028396806340963757
M3,ave-0463-0002,2082861,0.03590109949727802,0.008467199683512247,16102,1534,58675,2006550,0.027433899813765775,-0.027433899813765775
M3,ave-0464-0011,2088802,0.08147445282032476,0.033127122628185915,60212,8984,109972,1909634,0.04834733019213884,-0.04834733019213884
M3,ave-0465-0002,2084269,0.06322504436807341,0.0410009456552873,69257,16200,62521,1936291,0.022224098712786113,-0.022224098712786113
M3,ave-0466-0011,2088396,0.07420862709945815,0.07007004418702201,134454,11880,20523,1921539,0.004138582912436142,-0.004138582912436142
M3,ave-0479-0012,2088960,0.004188208486519608,0.0,0,0,8749,2080211,0.004188208486519608,-0.004188208486519608
M3,ave-0480-0002,2087819,0.01260310400470539,0.006633716811658482,12684,1166,13629,2060340,0.005969387193046907,-0.005969387193046907
M3,ave-0481-0002,2088419,0.04170571135389977,0.037012687588075,66703,10595,20396,1990725,0.004693023765824769,-0.004693023765824769
M3,ave-0486-0002,2088826,0.08169660852555455,0.05779562299588381,104376,16349,66274,1901827,0.023900985529670737,-0.023900985529670737
M3,ave-0487-0002,2086519,0.133599550255713,0.13821872698020005,250541,37855,28217,1769906,0.004619176724487056,0.004619176724487056
M3,ave-0503-0011,2088960,0.12063275505514706,0.14642501531862745,249713,56163,2284,1780800,0.025792260263480388,0.025792260263480388
M3,ave-0506-0007,2088275,0.08567597658354384,0.01448372460523638,21695,8551,157220,1900809,0.07119225197830746,-0.07119225197830746
M3,ave-0516-0012,2086368,0.07897743830426847,0.07227344361109833,138137,12652,26639,1908940,0.006703994693170137,-0.006703994693170137
M3,ave-0519-0010,2088960,0.24727615655637256,0.166128599877451,312720,34316,203830,1538094,0.08114755667892157,-0.08114755667892157
M3,ave-0522-0002,2081156,0.04658276457891672,0.03162280963080134,52750,13062,44196,1971148,0.014959954948115375,-0.014959954948115375
M3,ave-0523-0012,2088960,0.05670142080269608,0.04455518535539216,86379,6695,32068,1963818,0.012146235447303921,-0.012146235447303921
M3,ave-0525-0011,2088079,0.1265105391127443,0.06605305642171584,132393,5531,131771,1818384,0.06045748269102845,-0.06045748269102845
M3,ave-0546-0004,2088957,0.23128336294141047,0.0396202506801241,76753,6012,406388,1599804,0.19166311226128638,-0.19166311226128638
M3,ave-0553-0002,2088827,0.2018228412405623,0.04449578639111808,82089,10855,339484,1656399,0.1573270548494442,-0.1573270548494442
M3,ave-0571-0011,2088960,0.09918476179534313,0.06413717830882353,119366,14614,87827,1867153,0.03504758348651961,-0.03504758348651961
M3,ave-0605-0002,2088960,0.31410558363970587,0.08493508731617647,161462,15964,494692,1416842,0.2291704963235294,-0.2291704963235294
M3,ave-0606-0004,2085143,0.023982527817037008,0.01211187913730617,21169,4086,28838,2031050,0.011870648679730837,-0.011870648679730837
M4,ave-0007-0000,2081067,0.0028105774585825446,0.004808590977609082,951,9056,4898,2066162,0.0019980135190265373,0.0019980135190265373
M4,ave-0032-0006,2070507,0.014721515068531523,0.0041612996237153504,6965,1651,23516,2038375,0.010560215444816173,-0.010560215444816173
M4,ave-0037-0015,2087959,0.019690041806376467,0.02200570030350213,38132,7815,2980,2039032,0.0023156584971256618,0.0023156584971256618
M4,ave-0042-0008,2087665,0.003457451267324978,0.0016171176889012366,3224,152,3994,2080295,0.0018403335784237414,-0.0018403335784237414
M4,ave-0065-0014,2088329,0.044867930292592784,0.014383270069036056,26921,3116,66778,1991514,0.030484660223556725,-0.030484660223556725
M4,ave-0083-0014,2088434,0.019657312608394616,0.011703506072013767,22564,1878,18489,2045503,0.007953806536380848,-0.007953806536380848
M4,ave-0084-0011,2088453,0.036356097072809394,0.030025573953543605,40077,22630,35851,1989895,0.006330523119265789,-0.006330523119265789
M4,ave-0088-0010,2088711,0.1421216242936433,0.08406285024591723,162104,13479,134747,1778381,0.05805877404772608,-0.05805877404772608
M4,ave-0092-0008,2087536,0.08851535973511356,0.0260091322975987,54013,282,130766,1902475,0.06250622743751486,-0.06250622743751486
M4,ave-0118-0030,2088960,0.0009215111825980392,0.02411678538602941,0,50379,1925,2036656,0.02319527420343137,0.02319527420343137
M4,ave-0199-0011,2088960,0.005077167585784314,0.0,0,0,10606,2078354,0.005077167585784314,-0.005077167585784314
M4,ave-0202-0010,2088635,0.008407404836172907,0.005226858690005673,9485,1432,8075,2069643,0.003180546146167234,-0.003180546146167234
M4,ave-0203-0006,2088823,0.0025430589379760757,0.0018412282898072263,3197,649,2115,2082862,0.0007018306481688494,-0.0007018306481688494
M4,ave-0204-0005,2086582,0.0038416894231810684,0.0016850523966946902,3469,47,4547,2078519,0.0021566370264863785,-0.0021566370264863785
M4,ave-0225-0010,2088409,0.00419936899333416,0.0008168897950545128,1654,52,7116,2079587,0.003382479198279647,-0.003382479198279647
M4,ave-0228-0020,2088740,0.002173080421689631,0.0017278359202198455,0,3609,4539,2080592,0.00044524450146978564,-0.00044524450146978564
M4,ave-0301-0007,2088564,7.517126599903091e-05,0.0,0,0,157,2088407,7.517126599903091e-05,-7.517126599903091e-05
M4,ave-0312-0008,2088825,0.000533314183811473,0.0,0,0,1114,2087711,0.000533314183811473,-0.000533314183811473
M4,ave-0315-0008,2088688,0.0010576017097814513,0.0031057774066782593,0,6487,2209,2079992,0.002048175696896808,0.002048175696896808
M4,ave-0319-0013,2088093,0.0008170134184636412,0.0,0,0,1706,2086387,0.0008170134184636412,-0.0008170134184636412
M4,ave-0322-0006,2088692,0.0002489596359827107,0.0,0,0,520,2088172,0.0002489596359827107,-0.0002489596359827107
M4,ave-0323-0007,2088837,0.00011776888287597357,0.0,0,0,246,2088591,0.00011776888287597357,-0.00011776888287597357
M4,ave-0355-0010,2084818,0.0016639342139217908,0.0,0,0,3469,2081349,0.0016639342139217908,-0.0016639342139217908
M4,ave-0358-0032,2088746,0.0070123413761175365,0.005770447914681823,10406,1647,4241,2072452,0.0012418934614357134,-0.0012418934614357134
M4,ave-0362-0025,2088960,0.0036185470281862747,0.00253140318627451,4391,897,3168,2080504,0.0010871438419117647,-0.0010871438419117647
M4,ave-0364-0026,2086002,0.004195585622640822,0.0014976016322132,568,2556,8184,2074694,0.0026979839904276216,-0.0026979839904276216
M4,ave-0365-0004,2088263,0.0008667490636955211,0.0007211735303455551,1243,263,567,2086190,0.00014557553334996597,-0.00014557553334996597
M4,ave-0463-0002,2082861,0.03590109949727802,0.03128101203104768,56051,9103,18726,1998981,0.004620087466230341,-0.004620087466230341
M4,ave-0464-0011,2088802,0.08147445282032476,0.09175019939659192,160457,31191,9727,1887427,0.010275746576267161,0.010275746576267161
M4,ave-0465-0002,2084269,0.06322504436807341,0.06843070640114111,114403,28225,17375,1924266,0.005205662033067701,0.005205662033067701
M4,ave-0466-0011,2088396,0.07420862709945815,0.07986751554781756,150698,16097,4279,1917322,0.005658888448359406,0.005658888448359406
M4,ave-0479-0012,2088960,0.004188208486519608,0.00030397901348039216,576,59,8173,2080152,0.0038842294730392158,-0.0038842294730392158
M4,ave-0480-0002,2087819,0.01260310400470539,0.013033217917836747,23712,3499,2601,2058007,0.00043011391313135805,0.00043011391313135805
M4,ave-0481-0002,2088419,0.04170571135389977,0.04517101213884762,81424,12912,5675,1988408,0.0034653007849478473,0.0034653007849478473
M4,ave-0486-0002,2088826,0.08169660852555455,0.07742435224379628,139390,22336,31260,1895840,0.0042722562817582715,-0.0042722562817582715
M4,ave-0487-0002,2086519,0.133599550255713,0.14968711044567531,266040,46285,12718,1761476,0.016087560189962324,0.016087560189962324
M4,ave-0503-0011,2088960,0.12063275505514706,0.148055970435049,250400,58883,1597,1778080,0.027423215379901944,0.027423215379901944
M4,ave-0506-0007,2088275,0.08567597658354384,0.01719409560522441,23043,12863,155872,1896497,0.06848188097831943,-0.06848188097831943
M4,ave-0516-0012,2086368,0.07897743830426847,0.07919072761852175,147459,17762,17317,1903830,0.00021328931425328157,0.00021328931425328157
M4,ave-0519-0010,2088960,0.24727615655637256,0.23740521599264705,451889,44041,64661,1528369,0.009870940563725505,-0.009870940563725505
M4,ave-0522-0002,2081156,0.04658276457891672,0.046439574928549325,67331,29317,29615,1954893,0.00014318965036739378,-0.00014318965036739378
M4,ave-0523-0012,2088960,0.05670142080269608,0.053219784007352944,101889,9285,16558,1961228,0.003481636795343135,-0.003481636795343135
M4,ave-0525-0011,2088079,0.1265105391127443,0.1285703270805367,251187,17278,12977,1806637,0.002059787967792409,0.002059787967792409
M4,ave-0546-0004,2088957,0.23128336294141047,0.1755282660198367,331726,34945,151415,1570871,0.055755096921573766,-0.055755096921573766
M4,ave-0553-0002,2088827,0.2018228412405623,0.11417269118026528,198611,39876,222962,1627378,0.08765015006029701,-0.08765015006029701
M4,ave-0571-0011,2088960,0.09918476179534313,0.10762341069240196,193285,31536,13908,1850231,0.008438648897058823,0.008438648897058823
M4,ave-0605-0002,2088960,0.31410558363970587,0.2172674440870098,413401,40462,242753,1392344,0.09683813955269607,-0.09683813955269607
M4,ave-0606-0004,2085143,0.023982527817037008,0.02572245644543324,42437,11198,7570,2023938,0.0017399286283962326,0.0017399286283962326
M5,ave-0007-0000,2081067,0.0028105774585825446,0.01018371825606768,25,21168,5824,2054050,0.0073731407974851355,0.0073731407974851355
M5,ave-0032-0006,2070507,0.014721515068531523,0.003897113122534722,6728,1341,23753,2038685,0.0108244019459968,-0.0108244019459968
M5,ave-0037-0015,2087959,0.019690041806376467,0.02172216983187888,37107,8248,4005,2038599,0.0020321280255024138,0.0020321280255024138
M5,ave-0042-0008,2087665,0.003457451267324978,0.0010514139002186654,2162,33,5056,2080414,0.0024060373671063126,-0.0024060373671063126
M5,ave-0065-0014,2088329,0.044867930292592784,0.008190280362912165,16129,975,77570,1993655,0.03667764992968062,-0.03667764992968062
M5,ave-0083-0014,2088434,0.019657312608394616,0.007577926810231973,14554,1272,26499,2046109,0.012079385798162642,-0.012079385798162642
M5,ave-0084-0011,2088453,0.036356097072809394,0.022743628896604327,28261,19238,47667,1993287,0.013612468176205067,-0.013612468176205067
M5,ave-0088-0010,2088711,0.1421216242936433,0.08321543765508967,161309,12504,135542,1779356,0.05890618663855364,-0.05890618663855364
M5,ave-0092-0008,2087536,0.08851535973511356,0.009784741436794383,20416,10,164363,1902747,0.07873061829831918,-0.07873061829831918
M5,ave-0118-0030,2088960,0.0009215111825980392,0.017969228707107845,0,37537,1925,2049498,0.017047717524509804,0.017047717524509804
M5,ave-0199-0011,2088960,0.005077167585784314,4.787071078431372e-07,0,1,10606,2078353,0.00507668887867647,-0.00507668887867647
M5,ave-0202-0010,2088635,0.008407404836172907,0.005079393958255032,9898,711,7662,2070364,0.003328010877917875,-0.003328010877917875
M5,ave-0203-0006,2088823,0.0025430589379760757,0.0010637569578657454,2077,145,3235,2083366,0.0014793019801103303,-0.0014793019801103303
M5,ave-0204-0005,2086582,0.0038416894231810684,0.001192380649310691,1517,971,6499,2077595,0.0026493087738703775,-0.0026493087738703775
M5,ave-0225-0010,2088409,0.00419936899333416,0.0009682011521689477,1991,31,6779,2079608,0.003231167841165212,-0.003231167841165212
M5,ave-0228-0020,2088740,0.002173080421689631,0.00105613910778747,242,1964,4297,2082237,0.0011169413139021612,-0.0011169413139021612
M5,ave-0301-0007,2088564,7.517126599903091e-05,0.0,0,0,157,2088407,7.517126599903091e-05,-7.517126599903091e-05
M5,ave-0312-0008,2088825,0.000533314183811473,0.0,0,0,1114,2087711,0.000533314183811473,-0.000533314183811473
M5,ave-0315-0008,2088688,0.0010576017097814513,0.005916632833625702,0,12358,2209,2074121,0.004859031123844251,0.004859031123844251
M5,ave-0319-0013,2088093,0.0008170134184636412,1.1972646812187005e-05,0,25,1706,2086362,0.0008050407716514542,-0.0008050407716514542
M5,ave-0322-0006,2088692,0.0002489596359827107,4.787685307359821e-06,0,10,520,2088162,0.0002441719506753509,-0.0002441719506753509
M5,ave-0323-0007,2088837,0.00011776888287597357,0.0,0,0,246,2088591,0.00011776888287597357,-0.00011776888287597357
M5,ave-0355-0010,2084818,0.0016639342139217908,5.6120006638469164e-05,0,117,3469,2081232,0.0016078142072833217,-0.0016078142072833217
M5,ave-0358-0032,2088746,0.0070123413761175365,0.0032043149334576825,6461,232,8186,2073867,0.003808026442659854,-0.003808026442659854
M5,ave-0362-0025,2088960,0.0036185470281862747,0.0013758042279411766,2709,165,4850,2081236,0.0022427428002450983,-0.0022427428002450983
M5,ave-0364-0026,2086002,0.004195585622640822,0.0011514849937823645,1115,1287,7637,2075963,0.003044100628858457,-0.003044100628858457
M5,ave-0365-0004,2088263,0.0008667490636955211,0.0006330620233179441,1117,205,693,2086248,0.00023368704037757693,-0.00023368704037757693
M5,ave-0463-0002,2082861,0.03590109949727802,0.027867918214417572,51636,6409,23141,2001675,0.00803318128286045,-0.00803318128286045
M5,ave-0464-0011,2088802,0.08147445282032476,0.08866039002260626,158877,26317,11307,1892301,0.0071859372022815005,0.0071859372022815005
M5,ave-0465-0002,2084269,0.06322504436807341,0.06714200518263237,113378,26564,18400,1925927,0.003916960814558959,0.003916960814558959
M5,ave-0466-0011,2088396,0.07420862709945815,0.0776878523038734,149132,13111,5845,1920308,0.003479225204415251,0.003479225204415251
M5,ave-0479-0012,2088960,0.004188208486519608,0.0014806410845588235,2902,191,5847,2080020,0.0027075674019607847,-0.0027075674019607847
M5,ave-0480-0002,2087819,0.01260310400470539,0.008591261982001313,16868,1069,9445,2060437,0.004011842022704076,-0.004011842022704076
M5,ave-0481-0002,2088419,0.04170571135389977,0.03665978905574025,68724,7837,18375,1993483,0.005045922298159519,-0.005045922298159519
M5,ave-0486-0002,2088826,0.08169660852555455,0.07764552911539783,142902,19286,27748,1898890,0.004051079410156713,-0.004051079410156713
M5,ave-0487-0002,2086519,0.133599550255713,0.14912972275833578,263054,48108,15704,1759653,0.015530172502622785,0.015530172502622785
M5,ave-0503-0011,2088960,0.12063275505514706,0.1567914177389706,249807,77724,2190,1759239,0.036158662683823534,0.036158662683823534
M5,ave-0506-0007,2088275,0.08567597658354384,0.015351905280674242,22343,9716,156572,1899644,0.07032407130286959,-0.07032407130286959
M5,ave-0516-0012,2086368,0.07897743830426847,0.08044985352536081,150064,17784,14712,1903808,0.0014724152210923436,0.0014724152210923436
M5,ave-0519-0010,2088960,0.24727615655637256,0.27426566329656865,453939,118991,62611,1453419,0.026989506740196095,0.026989506740196095
M5,ave-0522-0002,2081156,0.04658276457891672,0.03994462692849551,60525,22606,36421,1961604,0.006638137650421212,-0.006638137650421212
M5,ave-0523-0012,2088960,0.05670142080269608,0.05139734604779412,100015,7352,18432,1963161,0.005304074754901959,-0.005304074754901959
M5,ave-0525-0011,2088079,0.1265105391127443,0.13084897649945237,251635,21588,12529,1802327,0.004338437386708083,0.004338437386708083
M5,ave-0546-0004,2088957,0.23128336294141047,0.2636684240029833,400403,150389,82738,1455427,0.03238506106157282,0.03238506106157282
M5,ave-0553-0002,2088827,0.2018228412405623,0.20535017978990122,312826,116115,108747,1551139,0.0035273385493389264,0.0035273385493389264
M5,ave-0571-0011,2088960,0.09918476179534313,0.11057846966911765,192861,38133,14332,1843634,0.011393707873774514,0.011393707873774514
M5,ave-0605-0002,2088960,0.31410558363970587,0.30393114276960786,525203,109697,130951,1323109,0.010174440870098,-0.010174440870098
M5,ave-0606-0004,2085143,0.023982527817037008,0.02273704968915801,38692,8718,11315,2026418,0.0012454781278789968,-0.0012454781278789968
M6,ave-0007-0000,2081067,0.0028105774585825446,0.031093664932460126,1183,63525,4666,2011693,0.02828308747387758,0.02828308747387758
M6,ave-0032-0006,2070507,0.014721515068531523,0.005378392828423183,10371,765,20110,2039261,0.00934312224010834,-0.00934312224010834
M6,ave-0037-0015,2087959,0.019690041806376467,0.021675712980954127,37952,7306,3160,2039541,0.0019856711745776592,0.0019856711745776592
M6,ave-0042-0008,2087665,0.003457451267324978,0.0006591095793625893,1369,7,5849,2080440,0.0027983416879623886,-0.0027983416879623886
M6,ave-0065-0014,2088329,0.044867930292592784,0.012433864587428513,25635,331,68064,1994299,0.03243406570516427,-0.03243406570516427
M6,ave-0083-0014,2088434,0.019657312608394616,0.011145193001071616,21576,1700,19477,2045681,0.008512119607323,-0.008512119607323
M6,ave-0084-0011,2088453,0.036356097072809394,0.010950210514672822,21179,1690,54749,2010835,0.025405886558136574,-0.025405886558136574
M6,ave-0088-0010,2088711,0.1421216242936433,0.12920743942077195,254500,15377,42351,1776483,0.012914184872871354,-0.012914184872871354
M6,ave-0092-0008,2087536,0.08851535973511356,0.023361034252822467,48745,22,136034,1902735,0.06515432548229108,-0.06515432548229108
M6,ave-0118-0030,2088960,0.0009215111825980392,0.02569268918504902,0,53671,1925,2033364,0.024771178002450978,0.024771178002450978
M6,ave-0199-0011,2088960,0.005077167585784314,0.0,0,0,10606,2078354,0.005077167585784314,-0.005077167585784314
M6,ave-0202-0010,2088635,0.008407404836172907,0.005157914140096283,9951,822,7609,2070253,0.003249490696076624,-0.003249490696076624
M6,ave-0203-0006,2088823,0.0025430589379760757,0.0013007325177863322,2548,169,2764,2083342,0.0012423264201897434,-0.0012423264201897434
M6,ave-0204-0005,2086582,0.0038416894231810684,0.0015235442460444881,3104,75,4912,2078491,0.0023181451771365803,-0.0023181451771365803
M6,ave-0225-0010,2088409,0.00419936899333416,0.0017166177697950928,3520,65,5250,2079574,0.002482751223539067,-0.002482751223539067
M6,ave-0228-0020,2088740,0.002173080421689631,0.008123078985417045,103,16864,4436,2067337,0.005949998563727414,0.005949998563727414
M6,ave-0301-0007,2088564,7.517126599903091e-05,0.0,0,0,157,2088407,7.517126599903091e-05,-7.517126599903091e-05
M6,ave-0312-0008,2088825,0.000533314183811473,0.0,0,0,1114,2087711,0.000533314183811473,-0.000533314183811473
M6,ave-0315-0008,2088688,0.0010576017097814513,0.022001849965145585,0,45955,2209,2040524,0.020944248255364135,0.020944248255364135
M6,ave-0319-0013,2088093,0.0008170134184636412,3.0171069966711254e-05,0,63,1706,2086324,0.0007868423484969299,-0.0007868423484969299
M6,ave-0322-0006,2088692,0.0002489596359827107,3.542887127446268e-05,0,74,520,2088098,0.00021353076470824803,-0.00021353076470824803
M6,ave-0323-0007,2088837,0.00011776888287597357,9.5747059248759e-07,0,2,246,2088589,0.00011681141228348597,-0.00011681141228348597
M6,ave-0355-0010,2084818,0.0016639342139217908,0.0,0,0,3469,2081349,0.0016639342139217908,-0.0016639342139217908
M6,ave-0358-0032,2088746,0.0070123413761175365,0.003814729028804843,6957,1011,7690,2073088,0.0031976123473126936,-0.0031976123473126936
M6,ave-0362-0025,2088960,0.0036185470281862747,0.0020263671875,2823,1410,4736,2079991,0.0015921798406862745,-0.0015921798406862745
M6,ave-0364-0026,2086002,0.004195585622640822,0.0,0,0,8752,2077250,0.004195585622640822,-0.004195585622640822
M6,ave-0365-0004,2088263,0.0008667490636955211,0.0008993120119448556,1404,474,406,2085979,3.25629482493345e-05,3.25629482493345e-05
M6,ave-0463-0002,2082861,0.03590109949727802,0.024104825045934416,45259,4948,29518,2003136,0.011796274451343607,-0.011796274451343607
M6,ave-0464-0011,2088802,0.08147445282032476,0.05989988519735236,111245,13874,58939,1904744,0.0215745676229724,-0.0215745676229724
M6,ave-0465-0002,2084269,0.06322504436807341,0.05572169427266826,97581,18558,34197,1933933,0.007503350095405155,-0.007503350095405155
M6,ave-0466-0011,2088396,0.07420862709945815,0.0737527748568758,143827,10198,11150,1923221,0.0004558522425823497,-0.0004558522425823497
M6,ave-0479-0012,2088960,0.004188208486519608,0.0014940448835784313,2781,340,5968,2079871,0.002694163602941177,-0.002694163602941177
M6,ave-0480-0002,2087819,0.01260310400470539,0.011191583178426865,21592,1774,4721,2059732,0.0014115208262785242,-0.0014115208262785242
M6,ave-0481-0002,2088419,0.04170571135389977,0.03625230377620583,67797,7913,19302,1993407,0.005453407577693942,-0.005453407577693942
M6,ave-0486-0002,2088826,0.08169660852555455,0.0627103454284847,116632,14359,54018,1903817,0.01898626309706984,-0.01898626309706984
M6,ave-0487-0002,2086519,0.133599550255713,0.11992078672660061,223148,27069,55610,1780692,0.013678763529112375,-0.013678763529112375
M6,ave-0503-0011,2088960,0.12063275505514706,0.1352917241115196,248650,33969,3347,1802994,0.01465896905637254,0.01465896905637254
M6,ave-0506-0007,2088275,0.08567597658354384,0.014003902742694328,21786,7458,157129,1901902,0.0716720738408495,-0.0716720738408495
M6,ave-0516-0012,2086368,0.07897743830426847,0.07094050522247274,137521,10487,27255,1911105,0.008036933081795733,-0.008036933081795733
M6,ave-0519-0010,2088960,0.24727615655637256,0.21607642080269607,419782,31593,96768,1540817,0.03119973575367649,-0.03119973575367649
M6,ave-0522-0002,2081156,0.04658276457891672,0.039482383828987354,65170,16999,31776,1967211,0.007100380749929365,-0.007100380749929365
M6,ave-0523-0012,2088960,0.05670142080269608,0.0451238893995098,89387,4875,29060,1965638,0.011577531403186278,-0.011577531403186278
M6,ave-0525-0011,2088079,0.1265105391127443,0.11355413276988083,226606,10504,37558,1813411,0.012956406342863463,-0.012956406342863463
M6,ave-0546-0004,2088957,0.23128336294141047,0.15698264732112724,303562,24368,179579,1581448,0.07430071562028323,-0.07430071562028323
M6,ave-0553-0002,2088827,0.2018228412405623,0.12948415546141448,234413,36057,187160,1631197,0.07233868577914782,-0.07233868577914782
M6,ave-0571-0011,2088960,0.09918476179534313,0.08643631280637255,164715,15847,42478,1865920,0.012748448988970582,-0.012748448988970582
M6,ave-0605-0002,2088960,0.31410558363970587,0.15745921415441178,306347,22579,349807,1410227,0.1566463694852941,-0.1566463694852941
M6,ave-0606-0004,2085143,0.023982527817037008,0.020265756353401183,34304,7953,15703,2027183,0.003716771463635825,-0.003716771463635825
M7,ave-0007-0000,2081067,0.0028105774585825446,0.0,0,0,5849,2075218,0.0028105774585825446,-0.0028105774585825446
M7,ave-0032-0006,2070507,0.014721515068531523,0.0,0,0,30481,2040026,0.014721515068531523,-0.014721515068531523
M7,ave-0037-0015,2087959,0.019690041806376467,0.020254708066585598,38135,4156,2977,2042691,0.0005646662602091304,0.0005646662602091304
M7,ave-0042-0008,2087665,0.003457451267324978,0.0,0,0,7218,2080447,0.003457451267324978,-0.003457451267324978
M7,ave-0065-0014,2088329,0.044867930292592784,0.007848859063873557,16372,19,77327,1994611,0.037019071228719225,-0.037019071228719225
M7,ave-0083-0014,2088434,0.019657312608394616,0.009497546965812662,19095,740,21958,2046641,0.010159765642581954,-0.010159765642581954
M7,ave-0084-0011,2088453,0.036356097072809394,0.007618557851194162,15591,320,60337,2012205,0.028737539221615233,-0.028737539221615233
M7,ave-0088-0010,2088711,0.1421216242936433,0.1220484787028938,237018,17906,59833,1773954,0.020073145590749505,-0.020073145590749505
M7,ave-0092-0008,2087536,0.08851535973511356,0.030432050034107195,63504,24,121275,1902733,0.058083309701006364,-0.058083309701006364
M7,ave-0118-0030,2088960,0.0009215111825980392,0.02461224724264706,0,51414,1925,2035621,0.02369073606004902,0.02369073606004902
M7,ave-0199-0011,2088960,0.005077167585784314,0.0,0,0,10606,2078354,0.005077167585784314,-0.005077167585784314
M7,ave-0202-0010,2088635,0.008407404836172907,0.0010073564792316514,1994,110,15566,2070965,0.007400048356941255,-0.007400048356941255
M7,ave-0203-0006,2088823,0.0025430589379760757,0.0,0,0,5312,2083511,0.0025430589379760757,-0.0025430589379760757
M7,ave-0204-0005,2086582,0.0038416894231810684,0.0,0,0,8016,2078566,0.0038416894231810684,-0.0038416894231810684
M7,ave-0225-0010,2088409,0.00419936899333416,0.000689998941778167,1427,14,7343,2079625,0.003509370051555993,-0.003509370051555993
M7,ave-0228-0020,2088740,0.002173080421689631,0.0,0,0,4539,2084201,0.002173080421689631,-0.002173080421689631
M7,ave-0301-0007,2088564,7.517126599903091e-05,0.0,0,0,157,2088407,7.517126599903091e-05,-7.517126599903091e-05
M7,ave-0312-0008,2088825,0.000533314183811473,0.0,0,0,1114,2087711,0.000533314183811473,-0.000533314183811473
M7,ave-0315-0008,2088688,0.0010576017097814513,0.006636702082838605,0,13862,2209,2072617,0.005579100373057154,0.005579100373057154
M7,ave-0319-0013,2088093,0.0008170134184636412,0.0,0,0,1706,2086387,0.0008170134184636412,-0.0008170134184636412
M7,ave-0322-0006,2088692,0.0002489596359827107,0.0,0,0,520,2088172,0.0002489596359827107,-0.0002489596359827107
M7,ave-0323-0007,2088837,0.00011776888287597357,0.0,0,0,246,2088591,0.00011776888287597357,-0.00011776888287597357
M7,ave-0355-0010,2084818,0.0016639342139217908,0.0,0,0,3469,2081349,0.0016639342139217908,-0.0016639342139217908
M7,ave-0358-0032,2088746,0.0070123413761175365,0.0,0,0,14647,2074099,0.0070123413761175365,-0.0070123413761175365
M7,ave-0362-0025,2088960,0.0036185470281862747,0.0,0,0,7559,2081401,0.0036185470281862747,-0.0036185470281862747
M7,ave-0364-0026,2086002,0.004195585622640822,0.0,0,0,8752,2077250,0.004195585622640822,-0.004195585622640822
M7,ave-0365-0004,2088263,0.0008667490636955211,0.0,0,0,1810,2086453,0.0008667490636955211,-0.0008667490636955211
M7,ave-0463-0002,2082861,0.03590109949727802,0.007779203701063105,11646,4557,63131,2003527,0.028121895796214918,-0.028121895796214918
M7,ave-0464-0011,2088802,0.08147445282032476,0.03373608412860578,60782,9686,109402,1908932,0.04773836869171898,-0.04773836869171898
M7,ave-0465-0002,2084269,0.06322504436807341,0.039281877723077015,65760,16114,66018,1936377,0.0239431666449964,-0.0239431666449964
M7,ave-0466-0011,2088396,0.07420862709945815,0.06806419855238183,132482,9663,22495,1923756,0.006144428547076322,-0.006144428547076322
M7,ave-0479-0012,2088960,0.004188208486519608,0.0,0,0,8749,2080211,0.004188208486519608,-0.004188208486519608
M7,ave-0480-0002,2087819,0.01260310400470539,0.001332969955728921,2629,154,23684,2061352,0.011270134048976468,-0.011270134048976468
M7,ave-0481-0002,2088419,0.04170571135389977,0.016102611592788613,26948,6681,60151,1994639,0.025603099761111157,-0.025603099761111157
M7,ave-0486-0002,2088826,0.08169660852555455,0.030471183334562092,55909,7740,114741,1910436,0.051225425190992456,-0.051225425190992456
M7,ave-0487-0002,2086519,0.133599550255713,0.13748353118279777,245514,41348,33244,1766413,0.003883980927084779,0.003883980927084779
M7,ave-0503-0011,2088960,0.12063275505514706,0.15070752910539215,247871,66951,4126,1770012,0.030074774050245084,0.030074774050245084
M7,ave-0506-0007,2088275,0.08567597658354384,0.0037418443452131543,6950,864,171965,1908496,0.08193413223833068,-0.08193413223833068
M7,ave-0516-0012,2086368,0.07897743830426847,0.06445986518198132,124993,9494,39783,1912098,0.014517573122287145,-0.014517573122287145
M7,ave-0519-0010,2088960,0.24727615655637256,0.22918533624387255,418748,60011,97802,1512399,0.018090820312500006,-0.018090820312500006
M7,ave-0522-0002,2081156,0.04658276457891672,0.032123012402722334,51599,15254,45347,1968956,0.014459752176194385,-0.014459752176194385
M7,ave-0523-0012,2088960,0.05670142080269608,0.02271848192401961,45314,2144,73133,1968369,0.03398293887867647,-0.03398293887867647
M7,ave-0525-0011,2088079,0.1265105391127443,0.08307587979190442,163623,9846,100541,1814069,0.04343465932083987,-0.04343465932083987
M7,ave-0546-0004,2088957,0.23128336294141047,0.1454596719798445,254565,49294,228576,1556522,0.08582369096156597,-0.08582369096156597
M7,ave-0553-0002,2088827,0.2018228412405623,0.08358566793707664,144185,30411,277388,1636843,0.11823717330348565,-0.11823717330348565
M7,ave-0571-0011,2088960,0.09918476179534313,0.057985791973039214,108192,12938,99001,1868829,0.04119896982230392,-0.04119896982230392
M7,ave-0605-0002,2088960,0.31410558363970587,0.154403626685049,279459,43084,376695,1389722,0.15970195695465686,-0.15970195695465686
M7,ave-0606-0004,2085143,0.023982527817037008,0.006613934871613122,12017,1774,37990,2033362,0.017368592945423887,-0.017368592945423887
