image_id,session_id,N_valid,reference_crop_fraction,M1_signed_error,M1_TP,M1_FP,M1_FN,M1_TN,M5_signed_error,M5_TP,M5_FP,M5_FN,M5_TN
ave-0007-0000,ave-0007,2081067,0.0028105774585825446,0.03361496770646981,1344,74460,4505,2000758,0.0073731407974851355,25,21168,5824,2054050
ave-0032-0006,ave-0032,2070507,0.014721515068531523,-0.005409303132034811,14717,4564,15764,2035462,-0.0108244019459968,6728,1341,23753,2038685
ave-0037-0015,ave-0037,2087959,0.019690041806376467,0.00569359838962355,39813,13187,1299,2033660,0.0020321280255024138,37107,8248,4005,2038599
ave-0042-0008,ave-0042,2087665,0.003457451267324978,-0.0021732413964884213,2544,137,4674,2080310,-0.0024060373671063126,2162,33,5056,2080414
ave-0065-0014,ave-0065,2088329,0.044867930292592784,-0.017865480008178787,42261,14129,51438,1980501,-0.03667764992968062,16129,975,77570,1993655
ave-0083-0014,ave-0083,2088434,0.019657312608394616,-0.001627535272840798,30039,7615,11014,2039766,-0.012079385798162642,14554,1272,26499,2046109
ave-0084-0011,ave-0084,2088453,0.036356097072809394,0.010424462508852247,55757,41942,20171,1970583,-0.013612468176205067,28261,19238,47667,1993287
ave-0088-0010,ave-0088,2088711,0.1421216242936433,0.017388236093935444,290633,42537,6218,1749323,-0.05890618663855364,161309,12504,135542,1779356
ave-0092-0008,ave-0092,2087536,0.08851535973511356,-0.038064493259038414,102869,2449,81910,1900308,-0.07873061829831918,20416,10,164363,1902747
ave-0118-0030,ave-0118,2088960,0.0009215111825980392,0.03991651348039216,1389,83920,536,2003115,0.017047717524509804,0,37537,1925,2049498
ave-0199-0011,ave-0199,2088960,0.005077167585784314,-0.004443838082107843,1250,73,9356,2078281,-0.00507668887867647,0,1,10606,2078353
ave-0202-0010,ave-0202,2088635,0.008407404836172907,-0.001405702767597019,12486,2138,5074,2068937,-0.003328010877917875,9898,711,7662,2070364
ave-0203-0006,ave-0203,2088823,0.0025430589379760757,0.00023314565188146605,3662,2137,1650,2081374,-0.0014793019801103303,2077,145,3235,2083366
ave-0204-0005,ave-0204,2086582,0.0038416894231810684,-0.00019697284841908944,4748,2857,3268,2075709,-0.0026493087738703775,1517,971,6499,2077595
ave-0225-0010,ave-0225,2088409,0.00419936899333416,-0.0026192187449872125,3177,123,5593,2079516,-0.003231167841165212,1991,31,6779,2079608
ave-0228-0020,ave-0228,2088740,0.002173080421689631,0.004622882694830376,881,13314,3658,2070887,-0.0011169413139021612,242,1964,4297,2082237
ave-0301-0007,ave-0301,2088564,7.517126599903091e-05,-7.517126599903091e-05,0,0,157,2088407,-7.517126599903091e-05,0,0,157,2088407
ave-0312-0008,ave-0312,2088825,0.000533314183811473,-0.000533314183811473,0,0,1114,2087711,-0.000533314183811473,0,0,1114,2087711
ave-0315-0008,ave-0315,2088688,0.0010576017097814513,0.012994281577717688,99,29251,2110,2057228,0.004859031123844251,0,12358,2209,2074121
ave-0319-0013,ave-0319,2088093,0.0008170134184636412,-0.000811745453866279,0,11,1706,2086376,-0.0008050407716514542,0,25,1706,2086362
ave-0322-0006,ave-0322,2088692,0.0002489596359827107,-0.0002484808674519747,0,1,520,2088171,-0.0002441719506753509,0,10,520,2088162
ave-0323-0007,ave-0323,2088837,0.00011776888287597357,-0.00011010911813607285,0,16,246,2088575,-0.00011776888287597357,0,0,246,2088591
ave-0355-0010,ave-0355,2084818,0.0016639342139217908,-0.0016629748975689966,0,2,3469,2081347,-0.0016078142072833217,0,117,3469,2081232
ave-0358-0032,ave-0358,2088746,0.0070123413761175365,-0.001341953497457326,10146,1698,4501,2072401,-0.003808026442659854,6461,232,8186,2073867
ave-0362-0025,ave-0362,2088960,0.0036185470281862747,-0.00225518918504902,2545,303,5014,2081098,-0.0022427428002450983,2709,165,4850,2081236
ave-0364-0026,ave-0364,2086002,0.004195585622640822,-0.003335567271747582,1053,741,7699,2076509,-0.003044100628858457,1115,1287,7637,2075963
ave-0365-0004,ave-0365,2088263,0.0008667490636955211,2.5858811845059734e-05,1281,583,529,2085870,-0.00023368704037757693,1117,205,693,2086248
ave-0463-0002,ave-0463,2082861,0.03590109949727802,0.00564800051467669,69138,17403,5639,1990681,-0.00803318128286045,51636,6409,23141,2001675
ave-0464-0011,ave-0464,2088802,0.08147445282032476,0.018356455039778785,164893,43634,5291,1874984,0.0071859372022815005,158877,26317,11307,1892301
ave-0465-0002,ave-0465,2084269,0.06322504436807341,0.016219115670769946,123986,41597,7792,1910894,0.003916960814558959,113378,26564,18400,1925927
ave-0466-0011,ave-0466,2088396,0.07420862709945815,0.010956255422822109,154326,23532,651,1909887,0.003479225204415251,149132,13111,5845,1920308
ave-0479-0012,ave-0479,2088960,0.004188208486519608,-0.001128791360294118,5296,1095,3453,2079116,-0.0027075674019607847,2902,191,5847,2080020
ave-0480-0002,ave-0480,2087819,0.01260310400470539,0.0029547580513444895,25104,7378,1209,2054128,-0.004011842022704076,16868,1069,9445,2060437
ave-0481-0002,ave-0481,2088419,0.04170571135389977,0.012705783657398252,84811,28823,2288,1972497,-0.005045922298159519,68724,7837,18375,1993483
ave-0486-0002,ave-0486,2088826,0.08169660852555455,0.010953521260267732,157030,36500,13620,1881676,-0.004051079410156713,142902,19286,27748,1898890
ave-0487-0002,ave-0487,2086519,0.133599550255713,0.02207216900493117,266932,57880,11826,1749881,0.015530172502622785,263054,48108,15704,1759653
ave-0503-0011,ave-0503,2088960,0.12063275505514706,0.039523016237745096,251668,82891,329,1754072,0.036158662683823534,249807,77724,2190,1759239
ave-0506-0007,ave-0506,2088275,0.08567597658354384,-0.056767906525720994,23283,37085,155632,1872275,-0.07032407130286959,22343,9716,156572,1899644
ave-0516-0012,ave-0516,2086368,0.07897743830426847,0.012417751806009292,157938,32746,6838,1888846,0.0014724152210923436,150064,17784,14712,1903808
ave-0519-0010,ave-0519,2088960,0.24727615655637256,0.012512925091911736,478742,63947,37808,1508463,0.026989506740196095,453939,118991,62611,1453419
ave-0522-0002,ave-0522,2081156,0.04658276457891672,0.017076086559585146,78267,54217,18679,1929993,-0.006638137650421212,60525,22606,36421,1961604
ave-0523-0012,ave-0523,2088960,0.05670142080269608,0.0038579005821078455,110279,16227,8168,1954286,-0.005304074754901959,100015,7352,18432,1963161
ave-0525-0011,ave-0525,2088079,0.1265105391127443,0.008227658053167525,255646,25698,8518,1798217,0.004338437386708083,251635,21588,12529,1802327
ave-0546-0004,ave-0546,2088957,0.23128336294141047,0.012047639084959622,428418,79890,54723,1525926,0.03238506106157282,400403,150389,82738,1455427
ave-0553-0002,ave-0553,2088827,0.2018228412405623,-0.0022491091890328996,329175,87700,92398,1579554,0.0035273385493389264,312826,116115,108747,1551139
ave-0571-0011,ave-0571,2088960,0.09918476179534313,0.023139744178921576,202698,52833,4495,1828934,0.011393707873774514,192861,38133,14332,1843634
ave-0605-0002,ave-0605,2088960,0.31410558363970587,-0.049209175857843124,497349,56009,158805,1376797,-0.010174440870098,525203,109697,130951,1323109
ave-0606-0004,ave-0606,2085143,0.023982527817037008,0.007624417126307407,46337,19568,3670,2015568,-0.0012454781278789968,38692,8718,11315,2026418
