image_id,sequence_id,frame_index,N_valid,reference_crop_fraction,M1_signed_error,M4_signed_error
2016-05-23__bonirob_2016-05-23-10-37-10_0_frame23,bonirob_2016-05-23-10-37-10_0,23,1251936,0.05600685658052808,-0.013000664570712882,-0.013913650538046676
2016-05-23__bonirob_2016-05-23-10-37-10_0_frame28,bonirob_2016-05-23-10-37-10_0,28,1251936,0.04947377501725328,-0.02219841908851571,-0.006725583416404675
2016-05-23__bonirob_2016-05-23-10-37-10_0_frame30,bonirob_2016-05-23-10-37-10_0,30,1251936,0.011623597372389643,-0.0013147636939907469,0.0014777113207064905
2016-05-23__bonirob_2016-05-23-10-37-10_0_frame31,bonirob_2016-05-23-10-37-10_0,31,1251936,0.018276493367073078,-0.005653643636735425,0.001126255655241163
2016-05-23__bonirob_2016-05-23-10-37-10_0_frame35,bonirob_2016-05-23-10-37-10_0,35,1251936,0.02303552258262403,-0.0009537228740127274,0.004778998287452395
2016-05-23__bonirob_2016-05-23-10-37-10_0_frame44,bonirob_2016-05-23-10-37-10_0,44,1251936,0.02813322725762339,-0.002233341001456942,-0.0016422564731743451
2016-05-23__bonirob_2016-05-23-10-37-10_0_frame47,bonirob_2016-05-23-10-37-10_0,47,1251936,0.02487667101193671,-0.002653490274263221,0.000225251131048234
2016-05-23__bonirob_2016-05-23-10-37-10_0_frame50,bonirob_2016-05-23-10-37-10_0,50,1251936,0.004718292308872019,-0.00148410142371495,6.949237021700808e-05
2016-05-23__bonirob_2016-05-23-10-37-10_0_frame52,bonirob_2016-05-23-10-37-10_0,52,1251936,0.022215991871788972,-0.0005854931881501928,0.0010439830790072366
2016-05-23__bonirob_2016-05-23-10-37-10_0_frame55,bonirob_2016-05-23-10-37-10_0,55,1251936,0.014465595685402448,-0.0019425913145719904,0.0006749546302686413
2016-05-23__bonirob_2016-05-23-10-37-10_0_frame60,bonirob_2016-05-23-10-37-10_0,60,1251936,0.026052449965493444,-0.0009193760703422559,0.0015959282263630081
2016-05-23__bonirob_2016-05-23-10-37-10_0_frame93,bonirob_2016-05-23-10-37-10_0,93,1251936,0.001304379776601999,-0.00019409937888198773,-0.00033707793369629126
2016-05-23__bonirob_2016-05-23-10-37-10_0_frame96,bonirob_2016-05-23-10-37-10_0,96,1251936,0.006273483628556092,-0.0005966758684149993,0.0010128313268409888
2016-05-23__bonirob_2016-05-23-10-37-10_0_frame97,bonirob_2016-05-23-10-37-10_0,97,1251936,0.0017772473992280755,-0.00042574061293868047,-0.00012620453441709477
2016-05-23__bonirob_2016-05-23-10-37-10_0_frame102,bonirob_2016-05-23-10-37-10_0,102,1251936,0.029696406206068043,0.0003778148403752249,0.008597084835007537
2016-05-23__bonirob_2016-05-23-10-37-10_0_frame103,bonirob_2016-05-23-10-37-10_0,103,1251936,0.01924858778723513,-0.003579256447613935,-0.0009649055542775321
2016-05-23__bonirob_2016-05-23-10-37-10_0_frame113,bonirob_2016-05-23-10-37-10_0,113,1251936,0.014313830738951512,-0.008563536794213122,-0.00040417401528512753
2016-05-23__bonirob_2016-05-23-10-37-10_0_frame114,bonirob_2016-05-23-10-37-10_0,114,1251936,0.012049337985328323,-0.005020224676021777,-0.0009617105027733032
2016-05-23__bonirob_2016-05-23-10-37-10_0_frame117,bonirob_2016-05-23-10-37-10_0,117,1251936,0.0008506824630013036,0.0010112338010888735,0.0019449876032001634
2016-05-23__bonirob_2016-05-23-10-37-10_0_frame125,bonirob_2016-05-23-10-37-10_0,125,1251936,0.023097027324080463,-0.0024937376990517082,1.5176494645094407e-05
2016-05-23__bonirob_2016-05-23-10-37-10_0_frame128,bonirob_2016-05-23-10-37-10_0,128,1251936,0.023093832272576234,-0.0011286519438693347,0.0006302239092094153
2016-05-23__bonirob_2016-05-23-10-37-10_0_frame132,bonirob_2016-05-23-10-37-10_0,132,1251936,0.04296625386601232,-0.00031391381029062526,0.001357896889297855
2016-05-23__bonirob_2016-05-23-10-37-10_0_frame139,bonirob_2016-05-23-10-37-10_0,139,1251936,0.02433590854484574,-0.0010367942131227145,0.0006214375175727857
2016-05-23__bonirob_2016-05-23-10-37-10_0_frame143,bonirob_2016-05-23-10-37-10_0,143,1251936,0.04456777343250773,-7.58824732254651e-05,0.001182967819441251
2016-05-23__bonirob_2016-05-23-10-37-10_0_frame145,bonirob_2016-05-23-10-37-10_0,145,1251936,0.019604037267080744,-0.0015048692584924452,0.0008818342151675485
2016-05-23__bonirob_2016-05-23-10-37-10_0_frame150,bonirob_2016-05-23-10-37-10_0,150,1251936,0.06277956700662014,0.0002707806149835207,0.0020264614165580452
2016-05-23__bonirob_2016-05-23-10-37-10_0_frame151,bonirob_2016-05-23-10-37-10_0,151,1251936,0.06416302430795184,-0.004933159522531504,0.0011733826649285573
2016-05-23__bonirob_2016-05-23-10-37-10_0_frame152,bonirob_2016-05-23-10-37-10_0,152,1251936,0.056748907292385554,-0.0014697236919459164,0.0021271055389412846
2016-05-23__bonirob_2016-05-23-10-37-10_0_frame156,bonirob_2016-05-23-10-37-10_0,156,1251936,0.028161982721161466,-0.0019569690463410276,7.827876185364027e-05
2016-05-23__bonirob_2016-05-23-10-37-10_0_frame161,bonirob_2016-05-23-10-37-10_0,161,1251936,0.010181830381105744,-0.0012556552411624872,4.632824681133872e-05
2016-05-23__bonirob_2016-05-23-10-37-10_0_frame169,bonirob_2016-05-23-10-37-10_0,169,1251936,0.05118792014927281,-0.0008898218439281277,0.0010399892646269435
2016-05-23__bonirob_2016-05-23-10-37-10_0_frame180,bonirob_2016-05-23-10-37-10_0,180,1251936,0.07668443115303018,-0.004640812309894438,-0.0001557587608312233
2016-05-23__bonirob_2016-05-23-10-37-10_0_frame182,bonirob_2016-05-23-10-37-10_0,182,1251936,0.03931111494517291,0.005723934769828493,-0.0005167995808092393
2016-05-23__bonirob_2016-05-23-10-37-10_0_frame197,bonirob_2016-05-23-10-37-10_0,197,1251936,0.0,0.0003003348413976433,0.000979283286046571
2016-05-23__bonirob_2016-05-23-10-37-10_0_frame205,bonirob_2016-05-23-10-37-10_0,205,1251936,0.03353765687702886,-0.003278122843340236,-0.0014689249290698592
2016-05-23__bonirob_2016-05-23-10-37-10_0_frame209,bonirob_2016-05-23-10-37-10_0,209,1251936,0.05423759681006058,0.00010623546251565391,0.0015823492574700282
2016-05-23__bonirob_2016-05-23-10-37-10_0_frame210,bonirob_2016-05-23-10-37-10_0,210,1251936,0.03593953684533395,-0.010892729340796978,-0.0018060028627661512
2016-05-23__bonirob_2016-05-23-10-37-10_0_frame214,bonirob_2016-05-23-10-37-10_0,214,1251936,0.012057325614088898,-8.067505048181371e-05,0.0010807261713058815
2016-05-23__bonirob_2016-05-23-10-37-10_0_frame215,bonirob_2016-05-23-10-37-10_0,215,1251936,0.020675977046749994,-0.00022604989392429123,0.0016182935868926211
2016-05-23__bonirob_2016-05-23-10-37-10_0_frame220,bonirob_2016-05-23-10-37-10_0,220,1251936,0.03284512946348695,0.00034506556245686437,0.0018507335838253702
2016-05-23__bonirob_2016-05-23-10-37-10_0_frame223,bonirob_2016-05-23-10-37-10_0,223,1251936,0.07636891981698744,0.0015895381233545502,0.004636818495514158
2016-05-23__bonirob_2016-05-23-10-37-10_0_frame232,bonirob_2016-05-23-10-37-10_0,232,1251936,0.06822313600695243,-0.0010431843161311655,0.001925817294174792
2016-05-23__bonirob_2016-05-23-10-37-10_0_frame234,bonirob_2016-05-23-10-37-10_0,234,1251936,0.06772950054954886,-0.0017660647189632755,0.0016821946169772173
2016-05-23__bonirob_2016-05-23-10-37-10_0_frame239,bonirob_2016-05-23-10-37-10_0,239,1251936,0.01315163075428776,0.004858874575058148,0.006623341768269302
2016-05-23__bonirob_2016-05-23-10-37-10_0_frame242,bonirob_2016-05-23-10-37-10_0,242,1251936,0.037803050635176236,-0.0005287810239501048,0.0017700585333435617
2016-05-23__bonirob_2016-05-23-10-37-10_0_frame246,bonirob_2016-05-23-10-37-10_0,246,1251936,0.09077061447230529,-0.00015735628658333778,0.0047023170513508655
2016-05-23__bonirob_2016-05-23-10-37-10_0_frame253,bonirob_2016-05-23-10-37-10_0,253,1251936,0.050581659126345116,-8.86626792423878e-05,0.002369929453262788
2016-05-23__bonirob_2016-05-23-10-37-10_0_frame256,bonirob_2016-05-23-10-37-10_0,256,1251936,0.08441326074176315,-0.0010351966873705931,0.0006278276205812505
2016-05-23__bonirob_2016-05-23-10-37-10_0_frame257,bonirob_2016-05-23-10-37-10_0,257,1251936,0.05492213659484191,-0.0012955933849653628,0.0018411484293126834
2016-05-23__bonirob_2016-05-23-10-37-10_0_frame258,bonirob_2016-05-23-10-37-10_0,258,1251936,0.053157669401630754,0.0009433389566239833,0.005246274569946065
2016-05-23__bonirob_2016-05-23-10-37-10_0_frame261,bonirob_2016-05-23-10-37-10_0,261,1251936,0.07521950003834062,0.0011470234900186616,0.005364491475602584
2016-05-23__bonirob_2016-05-23-10-37-10_0_frame269,bonirob_2016-05-23-10-37-10_0,269,1251936,0.05744782480893592,-0.0007971653503054468,0.002448208215116425
2016-05-23__bonirob_2016-05-23-10-37-10_0_frame276,bonirob_2016-05-23-10-37-10_0,276,1251936,0.07116657720522455,0.00026359174909898475,0.0030544692380441163
2016-05-23__bonirob_2016-05-23-10-37-10_0_frame283,bonirob_2016-05-23-10-37-10_0,283,1251936,0.05168794570968484,0.005514658896301414,0.023807926283771694
2016-05-23__bonirob_2016-05-23-10-37-10_0_frame288,bonirob_2016-05-23-10-37-10_0,288,1251936,0.038601813511233804,0.0003346816450681134,0.002348362855609229
2016-05-23__bonirob_2016-05-23-10-37-10_0_frame301,bonirob_2016-05-23-10-37-10_0,301,1251936,0.018877961812744423,-0.003421900161030597,0.00021886102803977264
2016-05-23__bonirob_2016-05-23-10-37-10_0_frame304,bonirob_2016-05-23-10-37-10_0,304,1251936,0.02194601001968152,-0.0005846944252741355,0.00034027298520052096
2016-05-23__bonirob_2016-05-23-10-42-16_1_frame1,bonirob_2016-05-23-10-42-16_1,1,1251936,0.07258438131022672,-0.007117775988548944,-0.004890026327224392
2016-05-23__bonirob_2016-05-23-10-42-16_1_frame17,bonirob_2016-05-23-10-42-16_1,17,1251936,0.06228673031209263,0.0017868325537407637,0.0038811888147636947
2016-05-23__bonirob_2016-05-23-10-42-16_1_frame21,bonirob_2016-05-23-10-42-16_1,21,1251936,0.04761505380466733,-0.00833109679728037,-0.0033164634613909935
2016-05-23__bonirob_2016-05-23-10-42-16_1_frame27,bonirob_2016-05-23-10-42-16_1,27,1251936,0.07143176648007565,-0.006957224650461363,-0.0009393451422436833
2016-05-23__bonirob_2016-05-23-10-42-16_1_frame28,bonirob_2016-05-23-10-42-16_1,28,1251936,0.06659925107992741,-0.0025903880070546753,0.00010783298826777532
2016-05-23__bonirob_2016-05-23-10-42-16_1_frame30,bonirob_2016-05-23-10-42-16_1,30,1251936,0.08099455563223679,-0.0011086828719678865,-0.00044411215908800317
2016-05-23__bonirob_2016-05-23-10-42-16_1_frame39,bonirob_2016-05-23-10-42-16_1,39,1251936,0.0417281714081231,-0.0026047657388237125,-0.001575160391585513
2016-05-23__bonirob_2016-05-23-10-42-16_1_frame48,bonirob_2016-05-23-10-42-16_1,48,1251936,0.060513476727244844,-0.001770857296219619,-0.0010607570994044455
2016-05-23__bonirob_2016-05-23-10-42-16_1_frame49,bonirob_2016-05-23-10-42-16_1,49,1251936,0.051084080975385325,-0.007410123201186003,-0.0004528985507246397
2016-05-23__bonirob_2016-05-23-10-42-16_1_frame53,bonirob_2016-05-23-10-42-16_1,53,1251936,0.0,0.0820784768550469,0.0676967512716305
2016-05-23__bonirob_2016-05-23-10-42-16_1_frame54,bonirob_2016-05-23-10-42-16_1,54,1251936,0.027587672213276078,0.06564472944303862,0.13988654372108478
2016-05-23__bonirob_2016-05-23-10-42-16_1_frame58,bonirob_2016-05-23-10-42-16_1,58,1251936,0.06889409682284078,-0.0020264614165580314,-2.8755463538074344e-05
2016-05-23__bonirob_2016-05-23-10-42-16_1_frame62,bonirob_2016-05-23-10-42-16_1,62,1251936,0.022053843007949287,-0.0019346036858114146,-0.0005591340132402936
2016-05-23__bonirob_2016-05-23-10-42-16_1_frame66,bonirob_2016-05-23-10-42-16_1,66,1251936,0.06108778723513023,-0.002159056053983595,0.0003234989648033121
2016-05-23__bonirob_2016-05-23-10-42-16_1_frame69,bonirob_2016-05-23-10-42-16_1,69,1251936,0.0,0.09585793522991591,0.09708084119316003
2016-05-23__bonirob_2016-05-23-10-42-16_1_frame79,bonirob_2016-05-23-10-42-16_1,79,1251936,0.07098925184673976,-0.017572783273266362,-0.007621795363341247
2016-05-23__bonirob_2016-05-23-10-42-16_1_frame81,bonirob_2016-05-23-10-42-16_1,81,1251936,0.09532436162870946,-0.006767917848835722,-0.003043286557779315
2016-05-23__bonirob_2016-05-23-10-42-16_1_frame83,bonirob_2016-05-23-10-42-16_1,83,1251936,0.0,0.11129882038698463,0.11326777087646653
2016-05-23__bonirob_2016-05-23-10-42-16_1_frame88,bonirob_2016-05-23-10-42-16_1,88,1251936,0.13025106714720242,-0.0025424622344912273,0.0005767067965135597
2016-05-23__bonirob_2016-05-23-10-42-16_1_frame89,bonirob_2016-05-23-10-42-16_1,89,1251936,0.09577007131354957,-0.00296341027017355,-0.0024186539887022934
2016-05-23__bonirob_2016-05-23-10-42-16_1_frame94,bonirob_2016-05-23-10-42-16_1,94,1251936,0.12082247015821895,-0.007394147943664858,-0.0026814469749252418
2016-05-23__bonirob_2016-05-23-10-42-16_1_frame96,bonirob_2016-05-23-10-42-16_1,96,1251936,0.09648815913912533,-0.0020687958489890856,-0.0007093014339391163
2016-05-23__bonirob_2016-05-23-10-42-16_1_frame104,bonirob_2016-05-23-10-42-16_1,104,1251936,0.1289658576796258,-0.003925919535822914,0.0019865232727551696
2016-05-23__bonirob_2016-05-23-10-42-16_1_frame111,bonirob_2016-05-23-10-42-16_1,111,1251936,0.05584390895381233,-0.0012157170973596046,0.000811543082074484
2016-05-23__bonirob_2016-05-23-10-42-16_1_frame117,bonirob_2016-05-23-10-42-16_1,117,1251936,0.07738494619533266,-0.013001463333588925,-0.003661529023847865
2016-05-23__bonirob_2016-05-23-10-42-16_1_frame124,bonirob_2016-05-23-10-42-16_1,124,1251936,0.10190297267591954,-0.0025456572859954563,0.0025184993482094964
2016-05-23__bonirob_2016-05-23-10-42-16_1_frame125,bonirob_2016-05-23-10-42-16_1,125,1251936,0.0,0.12315565651918309,0.12768703831505765
2016-05-23__bonirob_2016-05-23-10-42-16_1_frame126,bonirob_2016-05-23-10-42-16_1,126,1251936,0.10595988932341589,-0.010770518620760172,-0.0020448329627073547
2016-05-23__bonirob_2016-05-23-10-42-16_1_frame132,bonirob_2016-05-23-10-42-16_1,132,1251936,0.06132422104644327,-0.001788430079492885,0.000508811952048667
2016-05-23__bonirob_2016-05-23-10-42-16_1_frame135,bonirob_2016-05-23-10-42-16_1,135,1251936,0.10391425759783247,-0.026939076757917332,-0.015713263297804356
2016-05-23__bonirob_2016-05-23-10-42-16_1_frame137,bonirob_2016-05-23-10-42-16_1,137,1251936,0.10763649260026072,-0.0010575620479002096,0.0009992523579480106
2016-05-23__bonirob_2016-05-23-10-42-16_1_frame138,bonirob_2016-05-23-10-42-16_1,138,1251936,0.10651822457378013,0.0011629987475398063,0.0016805970912251167
2016-05-23__bonirob_2016-05-23-10-42-16_1_frame139,bonirob_2016-05-23-10-42-16_1,139,1251936,0.05465055721698234,0.0013051785394780566,0.003215819339007747
2016-05-23__bonirob_2016-05-23-10-42-16_1_frame140,bonirob_2016-05-23-10-42-16_1,140,1251936,0.10496622830560029,-0.0009864721519310948,0.0012364849321370996
2016-05-23__bonirob_2016-05-23-10-42-16_1_frame150,bonirob_2016-05-23-10-42-16_1,150,1251936,0.04495437466451959,-0.0030384939805229647,-0.0017109500805152986
2016-05-23__bonirob_2016-05-23-10-42-16_1_frame154,bonirob_2016-05-23-10-42-16_1,154,1251936,0.09725736778876876,-0.002610357078956113,0.0010120325639649264
2016-05-23__bonirob_2016-05-23-10-42-16_1_frame155,bonirob_2016-05-23-10-42-16_1,155,1251936,0.12070185696393426,-0.00042813690156685846,0.0037461978887099595
2016-05-23__bonirob_2016-05-23-10-42-16_1_frame158,bonirob_2016-05-23-10-42-16_1,158,1251936,0.1013765879405976,0.0016526403905630926,0.004112031285944326
2016-05-23__bonirob_2016-05-23-10-42-16_1_frame160,bonirob_2016-05-23-10-42-16_1,160,1251936,0.09297520001022416,-0.001801210285509794,0.0015360210106586947
2016-05-23__bonirob_2016-05-23-10-42-16_1_frame164,bonirob_2016-05-23-10-42-16_1,164,1251936,0.11251214119571608,1.8371546149323348e-05,0.0035049715001405773
2016-05-23__bonirob_2016-05-23-10-42-16_1_frame180,bonirob_2016-05-23-10-42-16_1,180,1251936,0.0,0.09322361526467807,0.09653848120031695
2016-05-23__bonirob_2016-05-23-10-42-16_1_frame185,bonirob_2016-05-23-10-42-16_1,185,1251936,0.13341017432201008,-0.00024681772870180363,0.0028723513023029834
2016-05-23__bonirob_2016-05-23-10-42-16_1_frame187,bonirob_2016-05-23-10-42-16_1,187,1251936,0.1281806737724612,-0.006320610638243476,-0.006561038263936808
2016-05-23__bonirob_2016-05-23-10-42-16_1_frame189,bonirob_2016-05-23-10-42-16_1,189,1251936,0.09610315543286557,-0.007903758658589569,-0.0019266160570508284
2016-05-23__bonirob_2016-05-23-10-42-16_1_frame193,bonirob_2016-05-23-10-42-16_1,193,1251936,0.04533139074201876,-0.0014106152391176532,0.0011997418398384599
2016-05-23__bonirob_2016-05-23-10-42-16_1_frame194,bonirob_2016-05-23-10-42-16_1,194,1251936,0.0,0.08566811722004959,0.07668123610152595
2016-05-23__bonirob_2016-05-23-10-42-16_1_frame200,bonirob_2016-05-23-10-42-16_1,200,1251936,0.11818575390435294,-0.007238389182833635,0.00034187051095263543
2016-05-23__bonirob_2016-05-23-10-42-16_1_frame204,bonirob_2016-05-23-10-42-16_1,204,1251936,0.08560421618996499,-0.0024849513074150786,0.0004520997878485755
2016-05-23__bonirob_2016-05-23-10-42-16_1_frame217,bonirob_2016-05-23-10-42-16_1,217,1251936,0.10415149017202158,-0.0256674462592337,-0.015973659995399125
2016-05-23__bonirob_2016-05-23-10-42-16_1_frame218,bonirob_2016-05-23-10-42-16_1,218,1251936,0.1297502428239143,-0.003036097691894779,0.0018746964701071012
2016-05-23__bonirob_2016-05-23-10-42-16_1_frame219,bonirob_2016-05-23-10-42-16_1,219,1251936,0.0,0.05966678807862383,0.05927060169209928
2016-05-23__bonirob_2016-05-23-10-42-16_1_frame230,bonirob_2016-05-23-10-42-16_1,230,1251936,0.10265540730516576,-0.006597781356235455,-0.0012268997776244128
2016-05-23__bonirob_2016-05-23-10-42-16_1_frame231,bonirob_2016-05-23-10-42-16_1,231,1251936,0.049282870689875524,-0.0007348618459729617,-0.00015176494645093713
2016-05-23__bonirob_2016-05-23-10-42-16_1_frame232,bonirob_2016-05-23-10-42-16_1,232,1251936,0.0,0.064137463895918,0.03362472203051913
2016-05-23__bonirob_2016-05-23-10-42-16_1_frame240,bonirob_2016-05-23-10-42-16_1,240,1251936,0.12234650972573678,0.0001038391738874822,0.0026846420264294707
2016-05-23__bonirob_2016-05-23-10-42-16_1_frame253,bonirob_2016-05-23-10-42-16_1,253,1251936,0.09275154640492805,-0.00226209646499502,-0.00011901566853257661
2016-05-23__bonirob_2016-05-23-10-42-16_1_frame254,bonirob_2016-05-23-10-42-16_1,254,1251936,0.030652525368708945,0.00012061319428469108,-4.073690667893634e-05
2016-05-23__bonirob_2016-05-23-10-42-16_1_frame261,bonirob_2016-05-23-10-42-16_1,261,1251936,0.06713921478414232,-0.0022501150218541544,-0.01989079313958541
2016-05-23__bonirob_2016-05-23-10-42-16_1_frame266,bonirob_2016-05-23-10-42-16_1,266,1251936,0.0605614024998083,-0.0019338049229353574,0.0003498581397132078
2016-05-23__bonirob_2016-05-23-10-42-16_1_frame274,bonirob_2016-05-23-10-42-16_1,274,1251936,0.0,0.12419005444367763,0.11750840298545613
2016-05-23__bonirob_2016-05-23-10-42-16_1_frame277,bonirob_2016-05-23-10-42-16_1,277,1251936,0.10582090458298188,-0.0056376683792142696,-0.008304737622370467
2016-05-23__bonirob_2016-05-23-10-42-16_1_frame280,bonirob_2016-05-23-10-42-16_1,280,1251936,0.0,0.044060559006211183,0.05320799146282238
2016-05-23__bonirob_2016-05-23-10-42-16_1_frame281,bonirob_2016-05-23-10-42-16_1,281,1251936,0.020298960969250823,-0.0022029880121667567,-0.00026119546047082345
2016-05-23__bonirob_2016-05-23-10-42-16_1_frame286,bonirob_2016-05-23-10-42-16_1,286,1251936,0.04950332924366741,-0.001585544308974264,-0.001279618127444218
2016-05-23__bonirob_2016-05-23-10-42-16_1_frame292,bonirob_2016-05-23-10-42-16_1,292,1251936,0.056625099046596634,-0.012315326023055496,-0.008017981749865809
2016-05-23__bonirob_2016-05-23-10-42-16_1_frame293,bonirob_2016-05-23-10-42-16_1,293,1251936,0.0,0.06695390179689696,0.06888770671983233
2016-05-23__bonirob_2016-05-23-10-42-16_1_frame294,bonirob_2016-05-23-10-42-16_1,294,1251936,0.0,0.07277608440048054,0.0800703869846382
2016-05-23__bonirob_2016-05-23-10-42-16_1_frame295,bonirob_2016-05-23-10-42-16_1,295,1251936,0.0012013393655905733,-0.00019330061600593006,-0.0002811645323722618
2016-05-23__bonirob_2016-05-23-10-42-16_1_frame304,bonirob_2016-05-23-10-42-16_1,304,1251936,0.0,0.0208772652915165,0.021606535797357055
2016-05-23__bonirob_2016-05-23-10-47-22_2_frame7,bonirob_2016-05-23-10-47-22_2,7,1251936,0.0,0.06140170104542085,0.05495408710988421
2016-05-23__bonirob_2016-05-23-10-47-22_2_frame15,bonirob_2016-05-23-10-47-22_2,15,1251936,0.03906349845359507,-0.0021374894563300356,-7.987628760572352e-07
2016-05-23__bonirob_2016-05-23-10-47-22_2_frame24,bonirob_2016-05-23-10-47-22_2,24,1251936,0.038956464228203355,-0.0015703678143291627,0.0005591340132402936
2016-05-23__bonirob_2016-05-23-10-47-22_2_frame26,bonirob_2016-05-23-10-47-22_2,26,1251936,0.02906138971960228,-0.0013443179204048784,-0.00017892288423689354
2016-05-23__bonirob_2016-05-23-10-47-22_2_frame43,bonirob_2016-05-23-10-47-22_2,43,1251936,0.04726439690207806,-0.00568399662602561,-0.0011661937990440352
2016-05-23__bonirob_2016-05-23-10-47-22_2_frame44,bonirob_2016-05-23-10-47-22_2,44,1251936,0.017989737494568413,-0.0017612721417069252,-0.0006078585486798058
2016-05-23__bonirob_2016-05-23-10-47-22_2_frame47,bonirob_2016-05-23-10-47-22_2,47,1251936,0.0035608849014646116,-0.0008914193696802392,-9.265649362267701e-05
2016-05-23__bonirob_2016-05-23-10-47-22_2_frame67,bonirob_2016-05-23-10-47-22_2,67,1251936,0.03489555376632671,-0.0010375929759987718,0.0003985826751527269
2016-05-23__bonirob_2016-05-23-10-47-22_2_frame68,bonirob_2016-05-23-10-47-22_2,68,1251936,0.09191444291081972,-0.0028068527464662762,0.001007239986708583
2016-05-23__bonirob_2016-05-23-10-47-22_2_frame69,bonirob_2016-05-23-10-47-22_2,69,1251936,0.07101161720726938,-0.000711697722567281,0.000928162461978882
2016-05-23__bonirob_2016-05-23-10-47-22_2_frame70,bonirob_2016-05-23-10-47-22_2,70,1251936,0.011953486440201416,-0.002056814405848222,-0.00032270020192725485
2016-05-23__bonirob_2016-05-23-10-47-22_2_frame78,bonirob_2016-05-23-10-47-22_2,78,1251936,0.12079850727193722,-0.001815588017278838,0.002813242849474734
2016-05-23__bonirob_2016-05-23-10-47-22_2_frame82,bonirob_2016-05-23-10-47-22_2,82,1251936,0.0820145758249623,-0.0007724037011476587,0.002159056053983588
2016-05-23__bonirob_2016-05-23-10-47-22_2_frame86,bonirob_2016-05-23-10-47-22_2,86,1251936,0.08359852260818444,-0.0011366395726299106,0.0013642869923063128
2016-05-23__bonirob_2016-05-23-10-47-22_2_frame89,bonirob_2016-05-23-10-47-22_2,89,1251936,0.039648192878869205,-0.0016654205965800153,-0.00011582061702834767
2016-05-23__bonirob_2016-05-23-10-47-22_2_frame91,bonirob_2016-05-23-10-47-22_2,91,1251936,0.10940655113360427,-0.0014050238989852526,0.0012444725608976859
2016-05-23__bonirob_2016-05-23-10-47-22_2_frame95,bonirob_2016-05-23-10-47-22_2,95,1251936,0.03011336042737009,-0.0011997418398384599,0.000474465148378192
2016-05-23__bonirob_2016-05-23-10-47-22_2_frame99,bonirob_2016-05-23-10-47-22_2,99,1251936,0.03225803874958464,-0.0011653950361679814,0.0008179331850829488
2016-05-23__bonirob_2016-05-23-10-47-22_2_frame102,bonirob_2016-05-23-10-47-22_2,102,1251936,0.07179520358868186,-0.0008490849372491949,0.0011574074074073987
2016-05-23__bonirob_2016-05-23-10-47-22_2_frame104,bonirob_2016-05-23-10-47-22_2,104,1251936,0.13316814917056463,-0.0009888684405592596,0.002056814405848234
2016-05-23__bonirob_2016-05-23-10-47-22_2_frame115,bonirob_2016-05-23-10-47-22_2,115,1251936,0.08926255016230862,-0.0036335723231858547,-0.00022045855379189405
2016-05-23__bonirob_2016-05-23-10-47-22_2_frame133,bonirob_2016-05-23-10-47-22_2,133,1251936,0.09597774966132454,-0.000996856069319832,0.001159004933159527
2016-05-23__bonirob_2016-05-23-10-47-22_2_frame139,bonirob_2016-05-23-10-47-22_2,139,1251936,0.05693741533113514,-0.002850784704649438,0.00019250185312987
2016-05-23__bonirob_2016-05-23-10-47-22_2_frame140,bonirob_2016-05-23-10-47-22_2,140,1251936,0.10579534417094803,3.434680367048193e-05,0.0035409158295631737
2016-05-23__bonirob_2016-05-23-10-47-22_2_frame143,bonirob_2016-05-23-10-47-22_2,143,1251936,0.013084534672698924,-0.0013770671983232372,-0.00019170309025381624
2016-05-23__bonirob_2016-05-23-10-47-22_2_frame144,bonirob_2016-05-23-10-47-22_2,144,1251936,0.0430269598445927,-0.0007947690616772751,0.000972893183038108
2016-05-23__bonirob_2016-05-23-10-47-22_2_frame146,bonirob_2016-05-23-10-47-22_2,146,1251936,0.030918513406436112,-0.00042653937581473705,0.0007356606088490154
2016-05-23__bonirob_2016-05-23-10-47-22_2_frame157,bonirob_2016-05-23-10-47-22_2,157,1251936,0.07187827492779184,-0.0014465595685402427,0.0005319760754543407
2016-05-23__bonirob_2016-05-23-10-47-22_2_frame163,bonirob_2016-05-23-10-47-22_2,163,1251936,0.100979602791197,-0.003638364900442198,-0.0007580259693786284
2016-05-23__bonirob_2016-05-23-10-47-22_2_frame175,bonirob_2016-05-23-10-47-22_2,175,1251936,0.06760010096362754,-0.001994510901515728,-0.0001661426782199743
2016-05-23__bonirob_2016-05-23-10-47-22_2_frame190,bonirob_2016-05-23-10-47-22_2,190,1251936,0.06455202182859188,-0.0002036845333946713,0.0014050238989852526
2016-05-23__bonirob_2016-05-23-10-47-22_2_frame191,bonirob_2016-05-23-10-47-22_2,191,1251936,0.08511856836132198,-0.019279739539401375,-0.019904372108478383
2016-05-23__bonirob_2016-05-23-10-47-22_2_frame200,bonirob_2016-05-23-10-47-22_2,200,1251936,0.11429497993507655,-0.001760473378830868,0.0009888684405592596
2016-05-23__bonirob_2016-05-23-10-47-22_2_frame206,bonirob_2016-05-23-10-47-22_2,206,1251936,0.11996140377782889,-0.001578355443089735,0.0017524857500702956
2016-05-23__bonirob_2016-05-23-10-47-22_2_frame207,bonirob_2016-05-23-10-47-22_2,207,1251936,0.1913244766505636,-0.06875750837103493,-0.052906059095672614
2016-05-23__bonirob_2016-05-23-10-47-22_2_frame209,bonirob_2016-05-23-10-47-22_2,209,1251936,0.04953128594432942,-0.0016278787414053114,0.000835505968356208
2016-05-23__bonirob_2016-05-23-10-47-22_2_frame215,bonirob_2016-05-23-10-47-22_2,215,1251936,0.07918056514071006,-0.001069543491041075,0.0022884556399049155
2016-05-23__bonirob_2016-05-23-10-47-22_2_frame218,bonirob_2016-05-23-10-47-22_2,218,1251936,0.10149160979474989,-0.0005926820540347044,0.0017261265751604
2016-05-23__bonirob_2016-05-23-10-47-22_2_frame220,bonirob_2016-05-23-10-47-22_2,220,1251936,0.11497792219410577,-0.0034985813971321195,2.156659765355229e-05
2016-05-23__bonirob_2016-05-23-10-47-22_2_frame221,bonirob_2016-05-23-10-47-22_2,221,1251936,0.06406317894844465,-0.0018786902844873943,0.0007891777215448675
2016-05-23__bonirob_2016-05-23-10-47-22_2_frame231,bonirob_2016-05-23-10-47-22_2,231,1251936,0.08330537663267132,-0.001427389259514869,0.0015312284334023513
2016-05-23__bonirob_2016-05-23-10-47-22_2_frame236,bonirob_2016-05-23-10-47-22_2,236,1251936,0.029236318789458884,-0.0020887649208905235,0.0001293995859213276
2016-05-23__bonirob_2016-05-23-10-47-22_2_frame238,bonirob_2016-05-23-10-47-22_2,238,1251936,0.050766173350714414,-0.0019553715205889097,0.0005351711269585696
2016-05-23__bonirob_2016-05-23-10-47-22_2_frame239,bonirob_2016-05-23-10-47-22_2,239,1251936,0.07477139406487232,-0.0013347327658921743,0.0011893579224497158
2016-05-23__bonirob_2016-05-23-10-47-22_2_frame244,bonirob_2016-05-23-10-47-22_2,244,1251936,0.0763058175497789,-0.001086317511438284,0.001763668430335097
2016-05-23__bonirob_2016-05-23-10-47-22_2_frame248,bonirob_2016-05-23-10-47-22_2,248,1251936,0.06750824323288092,-0.001544008639419267,0.0017484919356900025
2016-05-23__bonirob_2016-05-23-10-47-22_2_frame254,bonirob_2016-05-23-10-47-22_2,254,1251936,0.02295484753214222,-0.0018643125527183502,-1.1981443140865466e-05
2016-05-23__bonirob_2016-05-23-10-47-22_2_frame256,bonirob_2016-05-23-10-47-22_2,256,1251936,0.08818342151675485,-0.002321204917823269,0.0010160263783452195
2016-05-23__bonirob_2016-05-23-10-47-22_2_frame259,bonirob_2016-05-23-10-47-22_2,259,1251936,0.055483666896710374,-0.001372274621066892,0.002524090688341897
2016-05-23__bonirob_2016-05-23-10-47-22_2_frame268,bonirob_2016-05-23-10-47-22_2,268,1251936,0.09541062801932366,-0.002406672545561428,-0.0007740012268997731
2016-05-23__bonirob_2016-05-23-10-47-22_2_frame269,bonirob_2016-05-23-10-47-22_2,269,1251936,0.1103171408123099,-0.0038899752064003312,-0.006793478260869568
2016-05-23__bonirob_2016-05-23-10-47-22_2_frame285,bonirob_2016-05-23-10-47-22_2,285,1251936,0.1246613245405516,-0.003379565728599543,6.390103008460657e-05
2016-05-23__bonirob_2016-05-23-10-47-22_2_frame289,bonirob_2016-05-23-10-47-22_2,289,1251936,0.08033078368223295,-0.0017756498734759624,0.001791625130997121
2016-05-23__bonirob_2016-05-23-10-47-22_2_frame297,bonirob_2016-05-23-10-47-22_2,297,1251936,0.10444783119903893,-0.0015136556501290782,0.0004784589627584851
2016-05-23__bonirob_2016-05-23-10-47-22_2_frame300,bonirob_2016-05-23-10-47-22_2,300,1251936,0.15316198272116147,0.00044411215908801704,0.0038500370625974556
2016-05-23__bonirob_2016-05-23-10-47-22_2_frame304,bonirob_2016-05-23-10-47-22_2,304,1251936,0.13288219206093602,-0.002579205326789874,0.0011326457582496174
2016-05-23__bonirob_2016-05-23-10-52-28_3_frame1,bonirob_2016-05-23-10-52-28_3,1,1251936,0.08665618689773279,-0.0030033484139764255,-8.786391636632362e-05
2016-05-23__bonirob_2016-05-23-10-52-28_3_frame6,bonirob_2016-05-23-10-52-28_3,6,1251936,0.07393269304501189,-0.0037046622191549833,-0.00011741814278046214
2016-05-23__bonirob_2016-05-23-10-52-28_3_frame8,bonirob_2016-05-23-10-52-28_3,8,1251936,0.03627501725327812,-0.0020480280142115836,7.428494747335757e-05
2016-05-23__bonirob_2016-05-23-10-52-28_3_frame15,bonirob_2016-05-23-10-52-28_3,15,1251936,0.12283615136876007,-0.002671861820412555,-0.00027237814073563515
2016-05-23__bonirob_2016-05-23-10-52-28_3_frame19,bonirob_2016-05-23-10-52-28_3,19,1251936,0.0954513649260026,-0.003582451499118164,0.00034187051095263543
2016-05-23__bonirob_2016-05-23-10-52-28_3_frame26,bonirob_2016-05-23-10-52-28_3,26,1251936,0.11774483679676917,-0.0013738721468190135,0.0001046379367635325
2016-05-23__bonirob_2016-05-23-10-52-28_3_frame29,bonirob_2016-05-23-10-52-28_3,29,1251936,0.11506738363622422,-0.0012732280244357602,0.00043053319019502323
2016-05-23__bonirob_2016-05-23-10-52-28_3_frame32,bonirob_2016-05-23-10-52-28_3,32,1251936,0.07685297011987834,-0.0015344234849065802,0.0022373348158372247
2016-05-23__bonirob_2016-05-23-10-52-28_3_frame34,bonirob_2016-05-23-10-52-28_3,34,1251936,0.015595845155023899,-0.0024002824425529735,-0.00043532576745137185
2016-05-23__bonirob_2016-05-23-10-52-28_3_frame36,bonirob_2016-05-23-10-52-28_3,36,1251936,0.04878683894384377,-0.0012476676124019079,-0.00136508575518237
2016-05-23__bonirob_2016-05-23-10-52-28_3_frame48,bonirob_2016-05-23-10-52-28_3,48,1251936,0.0,0.06324444700048565,0.06398330266083889
2016-05-23__bonirob_2016-05-23-10-52-28_3_frame65,bonirob_2016-05-23-10-52-28_3,65,1251936,0.058596445824706696,-0.0023875022365360543,0.0010599583365283813
2016-05-23__bonirob_2016-05-23-10-52-28_3_frame67,bonirob_2016-05-23-10-52-28_3,67,1251936,0.010932667484599852,0.0002580004089665928,0.0007108989596912307
2016-05-23__bonirob_2016-05-23-10-52-28_3_frame73,bonirob_2016-05-23-10-52-28_3,73,1251936,0.004879642409835646,-0.0009113884415816783,0.0005735117450093299
2016-05-23__bonirob_2016-05-23-10-52-28_3_frame83,bonirob_2016-05-23-10-52-28_3,83,1251936,0.0323698655522327,-0.0021414832707103253,-0.0005423599928430847
2016-05-23__bonirob_2016-05-23-10-52-28_3_frame85,bonirob_2016-05-23-10-52-28_3,85,1251936,0.014669280218797128,-0.0007979641131815058,0.0008498837001252452
2016-05-23__bonirob_2016-05-23-10-52-28_3_frame89,bonirob_2016-05-23-10-52-28_3,89,1251936,0.0,0.05043308923139841,0.04724442783017662
2016-05-23__bonirob_2016-05-23-10-52-28_3_frame96,bonirob_2016-05-23-10-52-28_3,96,1251936,0.03585167292896761,-0.0009193760703422524,-3.5145566546532225e-05
2016-05-23__bonirob_2016-05-23-10-52-28_3_frame101,bonirob_2016-05-23-10-52-28_3,101,1251936,0.0,0.025830393885949442,0.003403528614881272
2016-05-23__bonirob_2016-05-23-10-52-28_3_frame103,bonirob_2016-05-23-10-52-28_3,103,1251936,0.0009752894716662832,0.0010495744191396368,-0.0009752894716662832
2016-05-23__bonirob_2016-05-23-10-52-28_3_frame105,bonirob_2016-05-23-10-52-28_3,105,1251936,0.01660148761598037,-0.006957224650461365,-0.007402934335301484
2016-05-23__bonirob_2016-05-23-10-52-28_3_frame119,bonirob_2016-05-23-10-52-28_3,119,1251936,0.0217487155892953,0.00019170309025381624,0.0013826585384556396
2016-05-23__bonirob_2016-05-23-10-52-28_3_frame120,bonirob_2016-05-23-10-52-28_3,120,1251936,0.02734804335045881,-0.0012245034889962446,0.0005319760754543372
2016-05-23__bonirob_2016-05-23-10-52-28_3_frame123,bonirob_2016-05-23-10-52-28_3,123,1251936,0.007003552897272704,-0.0032757265547120615,-0.001531228433402346
2016-05-23__bonirob_2016-05-23-10-52-28_3_frame124,bonirob_2016-05-23-10-52-28_3,124,1251936,0.04318671241980421,0.0010511719448917517,0.00242744038033893
2016-05-23__bonirob_2016-05-23-10-52-28_3_frame126,bonirob_2016-05-23-10-52-28_3,126,1251936,0.013618907036781433,-0.00046807504536973236,-0.0002548053574623621
2016-05-23__bonirob_2016-05-23-10-52-28_3_frame129,bonirob_2016-05-23-10-52-28_3,129,1251936,0.01901295273879815,-0.001242875035145568,0.0019210247169184347
2016-05-23__bonirob_2016-05-23-10-52-28_3_frame134,bonirob_2016-05-23-10-52-28_3,134,1251936,0.014198010121923165,0.007391751655036681,-0.0015240395675178275
2016-05-23__bonirob_2016-05-23-10-52-28_3_frame138,bonirob_2016-05-23-10-52-28_3,138,1251936,0.030813076706796512,-0.004782992101832681,-0.0014273892595148621
2016-05-23__bonirob_2016-05-23-10-52-28_3_frame142,bonirob_2016-05-23-10-52-28_3,142,1251936,0.034008128211026764,-0.002048826777087648,0.0005615303018684653
2016-05-23__bonirob_2016-05-23-10-52-28_3_frame145,bonirob_2016-05-23-10-52-28_3,145,1251936,0.0,0.01711589090816144,0.01491370165887074
2016-05-23__bonirob_2016-05-23-10-52-28_3_frame150,bonirob_2016-05-23-10-52-28_3,150,1251936,0.007674513713161056,-0.0008986082355647573,-0.001591934411982721
2016-05-23__bonirob_2016-05-23-10-52-28_3_frame171,bonirob_2016-05-23-10-52-28_3,171,1251936,0.015092624543107634,0.014916097947498916,0.029351340643611175
2016-05-23__bonirob_2016-05-23-10-52-28_3_frame175,bonirob_2016-05-23-10-52-28_3,175,1251936,0.0021310993533215756,0.007512364849321371,0.012336892620709045
2016-05-23__bonirob_2016-05-23-10-52-28_3_frame254,bonirob_2016-05-23-10-52-28_3,254,1251936,0.0034658321192137615,0.01084480356823352,0.005826975180839915
2016-05-23__bonirob_2016-05-23-10-52-28_3_frame257,bonirob_2016-05-23-10-52-28_3,257,1251936,0.007851040308769777,-0.0004912391687754009,0.0013874511157119847
2016-05-23__bonirob_2016-05-23-10-52-28_3_frame263,bonirob_2016-05-23-10-52-28_3,263,1251936,0.019129572118702552,-0.0023922948137923977,0.00010783298826777185
2016-05-23__bonirob_2016-05-23-10-52-28_3_frame279,bonirob_2016-05-23-10-52-28_3,279,1251936,0.05069348592899318,-0.00030113360427370256,0.003469027170717988
2016-05-23__bonirob_2016-05-23-10-52-28_3_frame283,bonirob_2016-05-23-10-52-28_3,283,1251936,0.014996772997980728,-0.003300488203869847,0.0006278276205812436
2016-05-23__bonirob_2016-05-23-10-52-28_3_frame285,bonirob_2016-05-23-10-52-28_3,285,1251936,0.010280078214860823,-0.006008294353704982,-0.0005703166935050984
2016-05-23__bonirob_2016-05-23-10-52-28_3_frame289,bonirob_2016-05-23-10-52-28_3,289,1251936,0.009969359456074432,-0.003123162845385068,-0.0009225711218464848
2016-05-23__bonirob_2016-05-23-10-52-28_3_frame292,bonirob_2016-05-23-10-52-28_3,292,1251936,0.0037286251054366995,-0.000849883700125246,-0.0001134243284001738
2016-05-23__bonirob_2016-05-23-10-57-33_4_frame4,bonirob_2016-05-23-10-57-33_4,4,1251936,0.03591477519617616,-0.00205681440584822,0.0012987884364695987
2016-05-23__bonirob_2016-05-23-10-57-33_4_frame6,bonirob_2016-05-23-10-57-33_4,6,1251936,0.012546168494236128,-0.0024777624415305583,-0.0002068795848989089
2016-05-23__bonirob_2016-05-23-10-57-33_4_frame7,bonirob_2016-05-23-10-57-33_4,7,1251936,0.024289580298034404,0.0033843583058558897,0.0007172890626996921
2016-05-23__bonirob_2016-05-23-10-57-33_4_frame11,bonirob_2016-05-23-10-57-33_4,11,1251936,0.025383885438233264,-0.0008410973084886121,0.0013786647240753534
2016-05-23__bonirob_2016-05-23-10-57-33_4_frame25,bonirob_2016-05-23-10-57-33_4,25,1251936,0.02383508422155765,0.0029713978989341326,-0.0005128057664289531
2016-05-23__bonirob_2016-05-23-10-57-33_4_frame26,bonirob_2016-05-23-10-57-33_4,26,1251936,0.020489865296628582,-0.004455499322649083,-0.0024833537816629607
2016-05-23__bonirob_2016-05-23-10-57-33_4_frame28,bonirob_2016-05-23-10-57-33_4,28,1251936,0.01536979526109961,0.00537647291874345,0.001884281624619788
2016-05-23__bonirob_2016-05-23-10-57-33_4_frame30,bonirob_2016-05-23-10-57-33_4,30,1251936,0.02540545203588682,-0.000699716279426426,0.0008075492676941944
2016-05-23__bonirob_2016-05-23-10-57-33_4_frame31,bonirob_2016-05-23-10-57-33_4,31,1251936,0.005768665490887713,-0.0017812412136083639,-0.0003075237072821613
2016-05-23__bonirob_2016-05-23-10-57-33_4_frame38,bonirob_2016-05-23-10-57-33_4,38,1251936,0.023044308974260665,-0.001794820182501343,-0.00010863175114382909
2016-05-23__bonirob_2016-05-23-10-57-33_4_frame39,bonirob_2016-05-23-10-57-33_4,39,1251936,0.029920858574240216,-0.0007021125680545977,0.001390646167216219
2016-05-23__bonirob_2016-05-23-10-57-33_4_frame57,bonirob_2016-05-23-10-57-33_4,57,1251936,0.0071193735143010506,-0.0016502441019349235,-0.00048405030289088227
2016-05-23__bonirob_2016-05-23-10-57-33_4_frame59,bonirob_2016-05-23-10-57-33_4,59,1251936,0.03743881476369399,-0.0015048692584924486,0.00019569690463410588
2016-05-23__bonirob_2016-05-23-10-57-33_4_frame64,bonirob_2016-05-23-10-57-33_4,64,1251936,0.0263751501674207,0.02499329039184112,0.03566476241597015
2016-05-23__bonirob_2016-05-23-10-57-33_4_frame66,bonirob_2016-05-23-10-57-33_4,66,1251936,0.030445645783810035,-0.001060757099404442,0.0004992267975359767
2016-05-23__bonirob_2016-05-23-10-57-33_4_frame71,bonirob_2016-05-23-10-57-33_4,71,1251936,0.046329045574214654,-0.0021055389412877323,0.00028356082100043645
2016-05-23__bonirob_2016-05-23-10-57-33_4_frame72,bonirob_2016-05-23-10-57-33_4,72,1251936,0.034219800373182015,-0.0026966234695703292,-9.345525649873121e-05
2016-05-23__bonirob_2016-05-23-10-57-33_4_frame74,bonirob_2016-05-23-10-57-33_4,74,1251936,0.0,0.02377996958310968,0.020418775400659457
2016-05-23__bonirob_2016-05-23-10-57-33_4_frame75,bonirob_2016-05-23-10-57-33_4,75,1251936,0.02384147432456611,0.036202329831556884,0.037547446514837816
2016-05-23__bonirob_2016-05-23-10-57-33_4_frame78,bonirob_2016-05-23-10-57-33_4,78,1251936,0.03382840656391381,-0.001333934003016131,0.0005016230861641519
2016-05-23__bonirob_2016-05-23-10-57-33_4_frame85,bonirob_2016-05-23-10-57-33_4,85,1251936,0.05659075224292615,-0.006305434143598389,-0.0029490325384045127
2016-05-23__bonirob_2016-05-23-10-57-33_4_frame90,bonirob_2016-05-23-10-57-33_4,90,1251936,0.060623706004140784,-0.0026902333665618644,0.0003993814380287841
2016-05-23__bonirob_2016-05-23-10-57-33_4_frame91,bonirob_2016-05-23-10-57-33_4,91,1251936,0.07971973008204893,-0.0017988139968816291,0.0008546762773815886
2016-05-23__bonirob_2016-05-23-10-57-33_4_frame94,bonirob_2016-05-23-10-57-33_4,94,1251936,0.04239354088387905,-0.0028459921273930947,-0.00013259463742555655
2016-05-23__bonirob_2016-05-23-10-57-33_4_frame95,bonirob_2016-05-23-10-57-33_4,95,1251936,0.07420507118574751,-0.0013147636939907503,0.0015911356491066647
2016-05-23__bonirob_2016-05-23-10-57-33_4_frame96,bonirob_2016-05-23-10-57-33_4,96,1251936,0.10251562380185568,-0.0014010300846049595,0.00139623750734863
2016-05-23__bonirob_2016-05-23-10-57-33_4_frame101,bonirob_2016-05-23-10-57-33_4,101,1251936,0.01913116964445467,-0.0011206643151087624,0.0005751092707614418
2016-05-23__bonirob_2016-05-23-10-57-33_4_frame115,bonirob_2016-05-23-10-57-33_4,115,1251936,0.053533886716253865,-0.001994510901515728,0.0002827620581243792
2016-05-23__bonirob_2016-05-23-10-57-33_4_frame116,bonirob_2016-05-23-10-57-33_4,116,1251936,0.02842317818163229,-0.0017596746159548107,2.635917490989917e-05
2016-05-23__bonirob_2016-05-23-10-57-33_4_frame126,bonirob_2016-05-23-10-57-33_4,126,1251936,0.10611964189862741,-0.0016119034838841667,0.0006126511259361422
2016-05-23__bonirob_2016-05-23-10-57-33_4_frame135,bonirob_2016-05-23-10-57-33_4,135,1251936,0.01623166040436572,-0.0012700329729315243,0.00032988906781176996
2016-05-23__bonirob_2016-05-23-10-57-33_4_frame139,bonirob_2016-05-23-10-57-33_4,139,1251936,0.05149464509367891,-0.001107085346215779,0.0014489558571684144
2016-05-23__bonirob_2016-05-23-10-57-33_4_frame140,bonirob_2016-05-23-10-57-33_4,140,1251936,0.06567108861794853,-0.002282864299772522,0.0007716049382715945
2016-05-23__bonirob_2016-05-23-10-57-33_4_frame141,bonirob_2016-05-23-10-57-33_4,141,1251936,0.04205486542443064,-0.0020640032717327353,0.0005080131891726097
2016-05-23__bonirob_2016-05-23-10-57-33_4_frame148,bonirob_2016-05-23-10-57-33_4,148,1251936,0.019397956445057894,-0.0020456317255834154,5.591340132403075e-05
2016-05-23__bonirob_2016-05-23-10-57-33_4_frame150,bonirob_2016-05-23-10-57-33_4,150,1251936,0.06401844822738542,-0.001784436265112592,0.000890620606804185
2016-05-23__bonirob_2016-05-23-10-57-33_4_frame168,bonirob_2016-05-23-10-57-33_4,168,1251936,0.021003469825933593,-0.002079179766377833,0.00036583339723436636
2016-05-23__bonirob_2016-05-23-10-57-33_4_frame175,bonirob_2016-05-23-10-57-33_4,175,1251936,0.016774819160084862,-0.001407420187613426,0.0003330841193160024
2016-05-23__bonirob_2016-05-23-10-57-33_4_frame179,bonirob_2016-05-23-10-57-33_4,179,1251936,0.015911356491066637,-0.001743699358433659,-9.824783375508156e-05
2016-05-23__bonirob_2016-05-23-10-57-33_4_frame183,bonirob_2016-05-23-10-57-33_4,183,1251936,0.026704240472356415,-0.0012221072003680694,0.0010248127699818525
2016-05-23__bonirob_2016-05-23-10-57-33_4_frame189,bonirob_2016-05-23-10-57-33_4,189,1251936,0.02541503719039951,-0.0018147892544027808,0.0006869360734095033
2016-05-23__bonirob_2016-05-23-10-57-33_4_frame198,bonirob_2016-05-23-10-57-33_4,198,1251936,0.012380025816016153,-0.0026838432635534083,-1.4377731769035437e-05
2016-05-23__bonirob_2016-05-23-10-57-33_4_frame203,bonirob_2016-05-23-10-57-33_4,203,1251936,0.0320575492676942,-0.0020496255399637085,0.0006485954553587386
2016-05-23__bonirob_2016-05-23-10-57-33_4_frame211,bonirob_2016-05-23-10-57-33_4,211,1251936,0.03379565728599545,-0.0019849257470030413,0.0005167995808092463
2016-05-23__bonirob_2016-05-23-10-57-33_4_frame218,bonirob_2016-05-23-10-57-33_4,218,1251936,0.034540903049357155,-0.002960215218669321,-0.0009369488536155185
2016-05-23__bonirob_2016-05-23-10-57-33_4_frame220,bonirob_2016-05-23-10-57-33_4,220,1251936,0.012515016742069882,-0.0017460956470618308,-3.993814380287911e-06
2016-05-23__bonirob_2016-05-23-10-57-33_4_frame225,bonirob_2016-05-23-10-57-33_4,225,1251936,0.04148854254530583,-0.00196016409784526,0.0005255859724458758
2016-05-23__bonirob_2016-05-23-10-57-33_4_frame231,bonirob_2016-05-23-10-57-33_4,231,1251936,0.0722760588400685,-0.0013978350331007305,0.0016166960611404962
2016-05-23__bonirob_2016-05-23-10-57-33_4_frame248,bonirob_2016-05-23-10-57-33_4,248,1251936,0.08445559517419421,-0.0012492651381540293,0.0015775566802136848
2016-05-23__bonirob_2016-05-23-10-57-33_4_frame253,bonirob_2016-05-23-10-57-33_4,253,1251936,0.087672213276078,-0.0023427715154768214,0.0016422564731743555
2016-05-23__bonirob_2016-05-23-10-57-33_4_frame254,bonirob_2016-05-23-10-57-33_4,254,1251936,0.08625041535669555,-0.0009617105027732997,0.0016654205965800223
2016-05-23__bonirob_2016-05-23-10-57-33_4_frame259,bonirob_2016-05-23-10-57-33_4,259,1251936,0.0955719781202873,1.5176494645094407e-05,0.002087966158014473
2016-05-23__bonirob_2016-05-23-10-57-33_4_frame264,bonirob_2016-05-23-10-57-33_4,264,1251936,0.057050839659535314,-0.0019377987373156505,0.0007763975155279448
2016-05-23__bonirob_2016-05-23-10-57-33_4_frame270,bonirob_2016-05-23-10-57-33_4,270,1251936,0.016645419574163534,-0.000972893183038108,-0.00021087339927919682
2016-05-23__bonirob_2016-05-23-10-57-33_4_frame273,bonirob_2016-05-23-10-57-33_4,273,1251936,0.061781912174424254,-0.0004904404058993436,0.0007061063824348804
2016-05-23__bonirob_2016-05-23-10-57-33_4_frame278,bonirob_2016-05-23-10-57-33_4,278,1251936,0.04727238453083864,-0.0017772473992280768,3.115175216624605e-05
2016-05-23__bonirob_2016-05-23-10-57-33_4_frame279,bonirob_2016-05-23-10-57-33_4,279,1251936,0.04063786008230453,-0.0007124964854433452,0.000770007412519487
2016-05-23__bonirob_2016-05-23-10-57-33_4_frame283,bonirob_2016-05-23-10-57-33_4,283,1251936,0.03055507629782992,-0.002056015642972163,-0.0001038391738874822
2016-05-23__bonirob_2016-05-23-10-57-33_4_frame303,bonirob_2016-05-23-10-57-33_4,303,1251936,0.019774173759681005,-0.0019106407995296872,9.90465966311388e-05
2016-05-23__bonirob_2016-05-23-11-02-39_5_frame9,bonirob_2016-05-23-11-02-39_5,9,1251936,0.034302072949415945,-0.0018595199754620068,0.0008826329780436057
2016-05-23__bonirob_2016-05-23-11-02-39_5_frame15,bonirob_2016-05-23-11-02-39_5,15,1251936,0.024803184827339418,-0.0014209991565064042,0.0002204585537918871
2016-05-23__bonirob_2016-05-23-11-02-39_5_frame20,bonirob_2016-05-23-11-02-39_5,20,1251936,0.0034818073767349128,-0.0013994325588528485,-0.0006589793727474883
2016-05-23__bonirob_2016-05-23-11-02-39_5_frame29,bonirob_2016-05-23-11-02-39_5,29,1251936,0.02954863507399739,-0.0011510173043989443,0.0006190412289446105
2016-05-23__bonirob_2016-05-23-11-02-39_5_frame30,bonirob_2016-05-23-11-02-39_5,30,1251936,0.034544098100861384,-0.0012876057562047905,0.0006653694757559545
2016-05-23__bonirob_2016-05-23-11-02-39_5_frame31,bonirob_2016-05-23-11-02-39_5,31,1251936,0.020161573754568923,-0.0018850803874958452,0.0003977839122766662
2016-05-23__bonirob_2016-05-23-11-02-39_5_frame34,bonirob_2016-05-23-11-02-39_5,34,1251936,0.10510681057178642,-0.0017652659560872114,0.0011398346241341395
2016-05-23__bonirob_2016-05-23-11-02-39_5_frame37,bonirob_2016-05-23-11-02-39_5,37,1251936,0.023398959691230223,-0.0018579224497098888,0.0002396288628172677
2016-05-23__bonirob_2016-05-23-11-02-39_5_frame60,bonirob_2016-05-23-11-02-39_5,60,1251936,0.02788481200316949,-0.0014569434859289937,0.0006174437031924961
2016-05-23__bonirob_2016-05-23-11-02-39_5_frame62,bonirob_2016-05-23-11-02-39_5,62,1251936,0.03996530174066406,-0.001929012345679014,0.0006014684456713409
2016-05-23__bonirob_2016-05-23-11-02-39_5_frame69,bonirob_2016-05-23-11-02-39_5,69,1251936,0.04594484063083097,-0.0024058737826853777,0.000226848656800345
2016-05-23__bonirob_2016-05-23-11-02-39_5_frame80,bonirob_2016-05-23-11-02-39_5,80,1251936,0.03864734299516908,-0.0024881463589193006,-0.0003234989648033121
2016-05-23__bonirob_2016-05-23-11-02-39_5_frame84,bonirob_2016-05-23-11-02-39_5,84,1251936,0.03942453927357309,-0.0016622255450757864,0.0004944342202796298
2016-05-23__bonirob_2016-05-23-11-02-39_5_frame89,bonirob_2016-05-23-11-02-39_5,89,1251936,0.012942354880760678,-0.0017093525547631824,0.00023323875980880808
2016-05-23__bonirob_2016-05-23-11-02-39_5_frame90,bonirob_2016-05-23-11-02-39_5,90,1251936,0.022445236817217492,-0.001712547606267413,0.0004904404058993436
2016-05-23__bonirob_2016-05-23-11-02-39_5_frame93,bonirob_2016-05-23-11-02-39_5,93,1251936,0.025572393476982848,-0.0013642869923063163,0.0007716049382716049
2016-05-23__bonirob_2016-05-23-11-02-39_5_frame105,bonirob_2016-05-23-11-02-39_5,105,1251936,0.02494536461927766,-0.0019889195613833274,0.00043692329320348805
2016-05-23__bonirob_2016-05-23-11-02-39_5_frame108,bonirob_2016-05-23-11-02-39_5,108,1251936,0.010564437798737315,-0.001276423075939984,0.0005175983436853
2016-05-23__bonirob_2016-05-23-11-02-39_5_frame112,bonirob_2016-05-23-11-02-39_5,112,1251936,0.03502495335224804,-0.0022413286302175248,0.0003410717480765782
2016-05-23__bonirob_2016-05-23-11-02-39_5_frame116,bonirob_2016-05-23-11-02-39_5,116,1251936,0.04093979244945428,-0.0018459410065690199,0.0005958771055389472
2016-05-23__bonirob_2016-05-23-11-02-39_5_frame117,bonirob_2016-05-23-11-02-39_5,117,1251936,0.03138658845180584,-0.0021710374971244534,-0.0002524090688341904
2016-05-23__bonirob_2016-05-23-11-02-39_5_frame131,bonirob_2016-05-23-11-02-39_5,131,1251936,0.05337653042967053,-0.0027669146026633937,0.0006965212279221936
2016-05-23__bonirob_2016-05-23-11-02-39_5_frame144,bonirob_2016-05-23-11-02-39_5,144,1251936,0.02105379188712522,-0.0012077294685990322,0.0003889975206400331
2016-05-23__bonirob_2016-05-23-11-02-39_5_frame149,bonirob_2016-05-23-11-02-39_5,149,1251936,0.008205691025739335,0.0024034774940572042,0.003944291081972241
2016-05-23__bonirob_2016-05-23-11-02-39_5_frame155,bonirob_2016-05-23-11-02-39_5,155,1251936,0.03915216113283746,-0.0017620709045829824,0.0004105641182935854
2016-05-23__bonirob_2016-05-23-11-02-39_5_frame164,bonirob_2016-05-23-11-02-39_5,164,1251936,0.011927127265291517,-0.0014936865782276421,7.428494747335236e-05
2016-05-23__bonirob_2016-05-23-11-02-39_5_frame169,bonirob_2016-05-23-11-02-39_5,169,1251936,0.040589934309741074,-0.0015488012166756174,0.0006717595787644054
2016-05-23__bonirob_2016-05-23-11-02-39_5_frame177,bonirob_2016-05-23-11-02-39_5,177,1251936,0.03831505763872914,-0.001994510901515735,0.0002396288628172677
2016-05-23__bonirob_2016-05-23-11-02-39_5_frame184,bonirob_2016-05-23-11-02-39_5,184,1251936,0.02705010479768934,-0.001286008230452676,0.000551945147355775
2016-05-23__bonirob_2016-05-23-11-02-39_5_frame187,bonirob_2016-05-23-11-02-39_5,187,1251936,0.024788008332694324,-0.003058463052424406,-0.0026566853257674536
2016-05-23__bonirob_2016-05-23-11-02-39_5_frame189,bonirob_2016-05-23-11-02-39_5,189,1251936,0.014800277330470566,-0.0017181389463998154,-0.000486446591519054
2016-05-23__bonirob_2016-05-23-11-02-39_5_frame192,bonirob_2016-05-23-11-02-39_5,192,1251936,0.015734031132581858,-0.0030999987219793995,-0.0002276474196764057
2016-05-23__bonirob_2016-05-23-11-02-39_5_frame193,bonirob_2016-05-23-11-02-39_5,193,1251936,0.017821997290596324,-0.0022325422385808848,6.310226720854933e-05
2016-05-23__bonirob_2016-05-23-11-02-39_5_frame199,bonirob_2016-05-23-11-02-39_5,199,1251936,0.03230117194489175,0.0027964688290775253,0.00406650180200905
2016-05-23__bonirob_2016-05-23-11-02-39_5_frame202,bonirob_2016-05-23-11-02-39_5,202,1251936,0.03096803670475168,-0.002804456457838101,-0.0007053076195588266
2016-05-23__bonirob_2016-05-23-11-02-39_5_frame203,bonirob_2016-05-23-11-02-39_5,203,1251936,0.0053117731257827875,-0.0013123674053625743,0.00015495999795516694
2016-05-23__bonirob_2016-05-23-11-02-39_5_frame204,bonirob_2016-05-23-11-02-39_5,204,1251936,0.019903573345602332,-0.00111746926360453,-0.00013419216317767102
2016-05-23__bonirob_2016-05-23-11-02-39_5_frame215,bonirob_2016-05-23-11-02-39_5,215,1251936,0.04561335403726708,-0.0030928098560948775,0.000574310507885388
2016-05-23__bonirob_2016-05-23-11-02-39_5_frame216,bonirob_2016-05-23-11-02-39_5,216,1251936,0.005239884466937607,-0.0008914193696802387,-7.029113309306532e-05
2016-05-23__bonirob_2016-05-23-11-02-39_5_frame223,bonirob_2016-05-23-11-02-39_5,223,1251936,0.02576809038161695,-0.002713397489967538,0.000799561638933622
2016-05-23__bonirob_2016-05-23-11-02-39_5_frame233,bonirob_2016-05-23-11-02-39_5,233,1251936,0.02602449326483143,-0.0012852094675766187,0.0005391649413388523
2016-05-23__bonirob_2016-05-23-11-02-39_5_frame243,bonirob_2016-05-23-11-02-39_5,243,1251936,0.014189223730286532,-0.001668615648084246,0.000686137310533446
2016-05-23__bonirob_2016-05-23-11-02-39_5_frame246,bonirob_2016-05-23-11-02-39_5,246,1251936,0.018683063670986377,-0.0013075748281062317,0.0007292705058405541
2016-05-23__bonirob_2016-05-23-11-02-39_5_frame253,bonirob_2016-05-23-11-02-39_5,253,1251936,0.016439338752140684,-0.0015200457531375396,0.00019889195613833482
2016-05-23__bonirob_2016-05-23-11-02-39_5_frame254,bonirob_2016-05-23-11-02-39_5,254,1251936,0.008573121948725813,-0.0008658589576463968,0.0008339084426040953
2016-05-23__bonirob_2016-05-23-11-02-39_5_frame255,bonirob_2016-05-23-11-02-39_5,255,1251936,0.0033076770697543644,-0.0007220816399560359,-0.00047286762262607664
2016-05-23__bonirob_2016-05-23-11-02-39_5_frame257,bonirob_2016-05-23-11-02-39_5,257,1251936,0.008390205250108631,-0.0013203550341231492,0.0001397835033100734
2016-05-23__bonirob_2016-05-23-11-02-39_5_frame264,bonirob_2016-05-23-11-02-39_5,264,1251936,0.028948764154078165,-0.002252511310482326,0.00017093525547631772
2016-05-23__bonirob_2016-05-23-11-02-39_5_frame265,bonirob_2016-05-23-11-02-39_5,265,1251936,0.01807600388518263,-0.0018906717276282493,-0.00023563504843698152
2016-05-23__bonirob_2016-05-23-11-02-39_5_frame266,bonirob_2016-05-23-11-02-39_5,266,1251936,0.04472672724484319,-0.001547203690923496,0.0008075492676941909
2016-05-23__bonirob_2016-05-23-11-02-39_5_frame271,bonirob_2016-05-23-11-02-39_5,271,1251936,0.0346567236663855,-0.001974541829614297,0.0007029113309306514
2016-05-23__bonirob_2016-05-23-11-02-39_5_frame272,bonirob_2016-05-23-11-02-39_5,272,1251936,0.07048363494619533,-0.001877092758735266,0.001275624313063925
2016-05-23__bonirob_2016-05-23-11-02-39_5_frame273,bonirob_2016-05-23-11-02-39_5,273,1251936,0.049711007591442376,-0.0019066469851494044,0.00019809319326227065
2016-05-23__bonirob_2016-05-23-11-02-39_5_frame277,bonirob_2016-05-23-11-02-39_5,277,1251936,0.037165637860082305,-0.0022509137847302116,0.000742849474733534
2016-05-23__bonirob_2016-05-23-11-02-39_5_frame278,bonirob_2016-05-23-11-02-39_5,278,1251936,0.025264869769700687,-0.0027110012013393664,0.00045369731360069693
2016-05-23__bonirob_2016-05-23-11-02-39_5_frame282,bonirob_2016-05-23-11-02-39_5,282,1251936,0.018184635636326458,-0.0013011847250977704,9.744907087902085e-05
2016-05-23__bonirob_2016-05-23-11-02-39_5_frame284,bonirob_2016-05-23-11-02-39_5,284,1251936,0.01994990159241367,-0.0029170820233622163,-0.0005239884466937614
2016-05-23__bonirob_2016-05-23-11-02-39_5_frame292,bonirob_2016-05-23-11-02-39_5,292,1251936,0.03423417810495105,-0.0008890230810520636,0.0007971653503054468
2016-05-23__bonirob_2016-05-23-11-02-39_5_frame293,bonirob_2016-05-23-11-02-39_5,293,1251936,0.025288832655982415,-0.0024050750198093204,5.9907215704316924e-05
2016-05-23__bonirob_2016-05-23-11-02-39_5_frame294,bonirob_2016-05-23-11-02-39_5,294,1251936,0.015837071543593283,-0.0015216432788896558,-7.827876185364027e-05
2016-05-23__bonirob_2016-05-23-11-07-45_6_frame3,bonirob_2016-05-23-11-07-45_6,3,1251936,0.018561651713825626,-0.0014617360631853371,-9.585154512690292e-06
2016-05-23__bonirob_2016-05-23-11-07-45_6_frame4,bonirob_2016-05-23-11-07-45_6,4,1251936,0.07049721391508831,-0.0021718362600005175,0.0006278276205812366
2016-05-23__bonirob_2016-05-23-11-07-45_6_frame17,bonirob_2016-05-23-11-07-45_6,17,1251936,0.03038813485673389,-0.0015208445160135968,0.0011677913247961566
2016-05-23__bonirob_2016-05-23-11-07-45_6_frame27,bonirob_2016-05-23-11-07-45_6,27,1251936,0.05710116172072694,-0.002128703064693406,0.0010399892646269435
2016-05-23__bonirob_2016-05-23-11-07-45_6_frame34,bonirob_2016-05-23-11-07-45_6,34,1251936,0.06923916238529765,-0.0010168251412212698,0.0007580259693786284
2016-05-23__bonirob_2016-05-23-11-07-45_6_frame38,bonirob_2016-05-23-11-07-45_6,38,1251936,0.040957365232727555,-0.0019170309025381554,0.0006789484446489275
2016-05-23__bonirob_2016-05-23-11-07-45_6_frame41,bonirob_2016-05-23-11-07-45_6,41,1251936,0.025914263987935487,-0.0027932737775732963,-0.00016534391534391707
2016-05-23__bonirob_2016-05-23-11-07-45_6_frame51,bonirob_2016-05-23-11-07-45_6,51,1251936,0.0357070968484012,-0.0018379533778084545,0.0007779950412800662
2016-05-23__bonirob_2016-05-23-11-07-45_6_frame52,bonirob_2016-05-23-11-07-45_6,52,1251936,0.029142064770084092,-0.0019937121386396743,0.000553542673107893
2016-05-23__bonirob_2016-05-23-11-07-45_6_frame61,bonirob_2016-05-23-11-07-45_6,61,1251936,0.03105350433248984,-0.0022445236817217502,0.00040657030391329577
2016-05-23__bonirob_2016-05-23-11-07-45_6_frame63,bonirob_2016-05-23-11-07-45_6,63,1251936,0.024541989366868595,-0.0016294762671574259,-0.0006382115379699946
2016-05-23__bonirob_2016-05-23-11-07-45_6_frame68,bonirob_2016-05-23-11-07-45_6,68,1251936,0.03396339748996754,-0.0017357117296730798,0.00037941236612733936
2016-05-23__bonirob_2016-05-23-11-07-45_6_frame70,bonirob_2016-05-23-11-07-45_6,70,1251936,0.06192089691485827,-0.002534474605730648,-5.271834981979834e-05
2016-05-23__bonirob_2016-05-23-11-07-45_6_frame75,bonirob_2016-05-23-11-07-45_6,75,1251936,0.019647170462387852,-0.00199211461288756,0.00047366638550213475
2016-05-23__bonirob_2016-05-23-11-07-45_6_frame99,bonirob_2016-05-23-11-07-45_6,99,1251936,0.03736772486772487,-0.002272480382383764,0.0004768614370063637
2016-05-23__bonirob_2016-05-23-11-07-45_6_frame104,bonirob_2016-05-23-11-07-45_6,104,1251936,0.02701975180839915,-0.0024474094522403712,0.0009736919459141687
2016-05-23__bonirob_2016-05-23-11-07-45_6_frame108,bonirob_2016-05-23-11-07-45_6,108,1251936,0.052665631469979296,-0.0024881463589193076,0.0006933261764179646
2016-05-23__bonirob_2016-05-23-11-07-45_6_frame109,bonirob_2016-05-23-11-07-45_6,109,1251936,0.051454706949876035,-0.002145477085090615,0.0012013393655905674
2016-05-23__bonirob_2016-05-23-11-07-45_6_frame115,bonirob_2016-05-23-11-07-45_6,115,1251936,0.04173056769675127,-0.002603168213071591,0.0001118268026480615
2016-05-23__bonirob_2016-05-23-11-07-45_6_frame122,bonirob_2016-05-23-11-07-45_6,122,1251936,0.05644857245098791,-0.0025121092452010316,0.000935351327863404
2016-05-23__bonirob_2016-05-23-11-07-45_6_frame127,bonirob_2016-05-23-11-07-45_6,127,1251936,0.0788674500932955,-0.002610357078956113,0.0005910845282826038
2016-05-23__bonirob_2016-05-23-11-07-45_6_frame131,bonirob_2016-05-23-11-07-45_6,131,1251936,0.06560798635073997,-0.001774052347723848,0.0012939958592132483
2016-05-23__bonirob_2016-05-23-11-07-45_6_frame133,bonirob_2016-05-23-11-07-45_6,133,1251936,0.07422264396902079,-0.001567971525700998,0.001007239986708583
2016-05-23__bonirob_2016-05-23-11-07-45_6_frame135,bonirob_2016-05-23-11-07-45_6,135,1251936,0.06716158014467193,-0.002135093167701857,0.0009481315338803337
2016-05-23__bonirob_2016-05-23-11-07-45_6_frame138,bonirob_2016-05-23-11-07-45_6,138,1251936,0.06176114433964675,-0.002333985123840192,0.000629425146333365
2016-05-23__bonirob_2016-05-23-11-07-45_6_frame141,bonirob_2016-05-23-11-07-45_6,141,1251936,0.056079544002249314,-0.003084822227334305,0.000440118344707717
2016-05-23__bonirob_2016-05-23-11-07-45_6_frame146,bonirob_2016-05-23-11-07-45_6,146,1251936,0.027184296960867008,-0.0020368453339467824,8.067505048181545e-05
2016-05-23__bonirob_2016-05-23-11-07-45_6_frame149,bonirob_2016-05-23-11-07-45_6,149,1251936,0.04171379367635406,-0.0025800040896659243,0.000632620197837587
2016-05-23__bonirob_2016-05-23-11-07-45_6_frame156,bonirob_2016-05-23-11-07-45_6,156,1251936,0.07919015029522276,-0.0013874511157119934,0.002175830074380797
2016-05-23__bonirob_2016-05-23-11-07-45_6_frame162,bonirob_2016-05-23-11-07-45_6,162,1251936,0.07268502543260998,-0.0015168507016333072,0.0012332898806328707
2016-05-23__bonirob_2016-05-23-11-07-45_6_frame166,bonirob_2016-05-23-11-07-45_6,166,1251936,0.036660819722413925,-0.0022876568770288583,-0.0007963665874293896
2016-05-23__bonirob_2016-05-23-11-07-45_6_frame175,bonirob_2016-05-23-11-07-45_6,175,1251936,0.05969714106791402,-0.0025400659458630487,0.0009161810188380234
2016-05-23__bonirob_2016-05-23-11-07-45_6_frame176,bonirob_2016-05-23-11-07-45_6,176,1251936,0.054340637221072005,-0.0023467653298571214,0.001100695243207321
2016-05-23__bonirob_2016-05-23-11-07-45_6_frame201,bonirob_2016-05-23-11-07-45_6,201,1251936,0.07384243284001737,-0.002210176878051265,0.0009057971014492794
2016-05-23__bonirob_2016-05-23-11-07-45_6_frame208,bonirob_2016-05-23-11-07-45_6,208,1251936,0.04311482376095903,-0.002991366970835574,0.0008546762773815886
2016-05-23__bonirob_2016-05-23-11-07-45_6_frame210,bonirob_2016-05-23-11-07-45_6,210,1251936,0.080941837282417,-0.0009225711218464883,0.0019234210055466133
2016-05-23__bonirob_2016-05-23-11-07-45_6_frame212,bonirob_2016-05-23-11-07-45_6,212,1251936,0.06360229276895944,-0.0008243232880914136,0.0019825294583748626
2016-05-23__bonirob_2016-05-23-11-07-45_6_frame215,bonirob_2016-05-23-11-07-45_6,215,1251936,0.09721583211921377,-0.00031870638754696867,0.0024298366689670947
2016-05-23__bonirob_2016-05-23-11-07-45_6_frame218,bonirob_2016-05-23-11-07-45_6,218,1251936,0.07372820974874116,-0.002090362446642652,0.0015559900825601186
2016-05-23__bonirob_2016-05-23-11-07-45_6_frame220,bonirob_2016-05-23-11-07-45_6,220,1251936,0.05241481992689722,-0.0015248383303938864,0.0011542123559031767
2016-05-23__bonirob_2016-05-23-11-07-45_6_frame224,bonirob_2016-05-23-11-07-45_6,224,1251936,0.09370127546456049,-0.001131048232497503,0.0015719653400812772
2016-05-23__bonirob_2016-05-23-11-07-45_6_frame227,bonirob_2016-05-23-11-07-45_6,227,1251936,0.05661791018071211,-0.0018802878102395018,0.0008155368964547702
2016-05-23__bonirob_2016-05-23-11-07-45_6_frame228,bonirob_2016-05-23-11-07-45_6,228,1251936,0.040078726069064236,-0.0014833026608388963,0.00020687958489890718
2016-05-23__bonirob_2016-05-23-11-07-45_6_frame231,bonirob_2016-05-23-11-07-45_6,231,1251936,0.07211630626485699,-0.0024490069779924822,0.00036822968586253113
2016-05-23__bonirob_2016-05-23-11-07-45_6_frame238,bonirob_2016-05-23-11-07-45_6,238,1251936,0.038538711244025255,-0.0025528461518799714,0.00024761649157784005
2016-05-23__bonirob_2016-05-23-11-07-45_6_frame252,bonirob_2016-05-23-11-07-45_6,252,1251936,0.02756770314137464,-0.0022628952278710736,0.0004776601998824209
2016-05-23__bonirob_2016-05-23-11-07-45_6_frame254,bonirob_2016-05-23-11-07-45_6,254,1251936,0.023839876798813997,-0.0019042506965212293,-4.393195818316528e-05
2016-05-23__bonirob_2016-05-23-11-07-45_6_frame259,bonirob_2016-05-23-11-07-45_6,259,1251936,0.10254278173964164,-0.0034913925312475974,0.0004065703039133062
2016-05-23__bonirob_2016-05-23-11-07-45_6_frame263,bonirob_2016-05-23-11-07-45_6,263,1251936,0.018605583672008794,-0.0020296564680622672,-5.351711269585904e-05
2016-05-23__bonirob_2016-05-23-11-07-45_6_frame278,bonirob_2016-05-23-11-07-45_6,278,1251936,0.03907867494824017,-0.0018459410065690268,0.0003881987577639759
2016-05-23__bonirob_2016-05-23-11-07-45_6_frame280,bonirob_2016-05-23-11-07-45_6,280,1251936,0.03098800577665312,-0.0022549075991104978,-0.00036743092298647737
2016-05-23__bonirob_2016-05-23-11-07-45_6_frame284,bonirob_2016-05-23-11-07-45_6,284,1251936,0.05467691639189224,-0.002132696879073692,0.0008690540091506258
2016-05-23__bonirob_2016-05-23-11-07-45_6_frame288,bonirob_2016-05-23-11-07-45_6,288,1251936,0.06447134677811006,-0.001997705953019964,0.001017623904097334
2016-05-23__bonirob_2016-05-23-11-07-45_6_frame289,bonirob_2016-05-23-11-07-45_6,289,1251936,0.0380842151675485,-0.0019034519336451686,0.0012133208087314398
2016-05-23__bonirob_2016-05-23-11-07-45_6_frame297,bonirob_2016-05-23-11-07-45_6,297,1251936,0.04224417222605628,-0.0017780461621041271,0.0007588247322546857
2016-05-23__bonirob_2016-05-23-11-07-45_6_frame306,bonirob_2016-05-23-11-07-45_6,306,1251936,0.011073249750785982,-0.0013467142090330484,-0.00010064412238325326
2016-05-23__bonirob_2016-05-23-11-12-51_7_frame4,bonirob_2016-05-23-11-12-51_7,4,1251936,0.023129776601998824,-0.0015655752370728193,0.00020847711065102512
2016-05-23__bonirob_2016-05-23-11-12-51_7_frame5,bonirob_2016-05-23-11-12-51_7,5,1251936,0.05198588426245431,-0.0012684354471794099,0.001344317920404875
2016-05-23__bonirob_2016-05-23-11-12-51_7_frame10,bonirob_2016-05-23-11-12-51_7,10,1251936,0.03835259949390384,-0.0016638230708279009,0.0007660135981392008
2016-05-23__bonirob_2016-05-23-11-12-51_7_frame13,bonirob_2016-05-23-11-12-51_7,13,1251936,0.0017061575032589526,-0.0010136300897170462,-0.0002995360785215857
2016-05-23__bonirob_2016-05-23-11-12-51_7_frame14,bonirob_2016-05-23-11-12-51_7,14,1251936,0.06667113973877259,-0.0012987884364695917,0.0010455806047593441
2016-05-23__bonirob_2016-05-23-11-12-51_7_frame19,bonirob_2016-05-23-11-12-51_7,19,1251936,0.03419184367252,-0.0006853385476573853,0.0009744907087902294
2016-05-23__bonirob_2016-05-23-11-12-51_7_frame20,bonirob_2016-05-23-11-12-51_7,20,1251936,0.08571923804411727,-0.0016031170922475302,0.0015631789484446545
2016-05-23__bonirob_2016-05-23-11-12-51_7_frame27,bonirob_2016-05-23-11-12-51_7,27,1251936,0.048096707818930044,-0.002719787592976003,0.00026678680060322063
2016-05-23__bonirob_2016-05-23-11-12-51_7_frame29,bonirob_2016-05-23-11-12-51_7,29,1251936,0.022735986504102447,-0.0011270544181172203,-2.396288628175175e-06
2016-05-23__bonirob_2016-05-23-11-12-51_7_frame31,bonirob_2016-05-23-11-12-51_7,31,1251936,0.00427897272704036,-0.0026582828515195663,-0.002364338113130384
2016-05-23__bonirob_2016-05-23-11-12-51_7_frame39,bonirob_2016-05-23-11-12-51_7,39,1251936,0.0640639777113207,-0.0016103059581320453,0.0012572527669146016
2016-05-23__bonirob_2016-05-23-11-12-51_7_frame41,bonirob_2016-05-23-11-12-51_7,41,1251936,0.033955409861206966,-0.000777196278404009,0.0023052296603021244
2016-05-23__bonirob_2016-05-23-11-12-51_7_frame43,bonirob_2016-05-23-11-12-51_7,43,1251936,0.052108893745367174,-0.001413011527745825,0.001475315032078317
2016-05-23__bonirob_2016-05-23-11-12-51_7_frame64,bonirob_2016-05-23-11-12-51_7,64,1251936,0.1060876913835851,-0.0013714758581908348,0.0007995616389336185
2016-05-23__bonirob_2016-05-23-11-12-51_7_frame71,bonirob_2016-05-23-11-12-51_7,71,1251936,0.08259367891010404,-0.00149288781535159,0.0015008754441121486
2016-05-23__bonirob_2016-05-23-11-12-51_7_frame75,bonirob_2016-05-23-11-12-51_7,75,1251936,0.002832413158500115,-0.0012133208087314368,-0.0001134243284001738
2016-05-23__bonirob_2016-05-23-11-12-51_7_frame77,bonirob_2016-05-23-11-12-51_7,77,1251936,0.008353462157809985,-0.0012516614267822001,0.00017333154410449116
2016-05-23__bonirob_2016-05-23-11-12-51_7_frame87,bonirob_2016-05-23-11-12-51_7,87,1251936,0.03103034020908417,-0.0017580770902026928,-0.00014457608056641855
2016-05-23__bonirob_2016-05-23-11-12-51_7_frame93,bonirob_2016-05-23-11-12-51_7,93,1251936,0.03674628735015208,-0.0033508102650614685,-0.0008075492676941909
2016-05-23__bonirob_2016-05-23-11-12-51_7_frame95,bonirob_2016-05-23-11-12-51_7,95,1251936,0.030527119597167907,-0.0028883265598241455,9.185773074662021e-05
2016-05-23__bonirob_2016-05-23-11-12-51_7_frame96,bonirob_2016-05-23-11-12-51_7,96,1251936,0.014365750325895254,-0.0013650857551823735,0.00016135010096362742
2016-05-23__bonirob_2016-05-23-11-12-51_7_frame97,bonirob_2016-05-23-11-12-51_7,97,1251936,0.031170123712394245,-0.00144256575415996,0.0004784589627584816
2016-05-23__bonirob_2016-05-23-11-12-51_7_frame101,bonirob_2016-05-23-11-12-51_7,101,1251936,0.039016371443907676,-0.0034274915011629978,-0.00011981443140863385
2016-05-23__bonirob_2016-05-23-11-12-51_7_frame107,bonirob_2016-05-23-11-12-51_7,107,1251936,0.027384786442757457,-0.0025919855328067898,0.00033228535643994514
2016-05-23__bonirob_2016-05-23-11-12-51_7_frame109,bonirob_2016-05-23-11-12-51_7,109,1251936,0.0334577805894231,-0.00028036576949620057,0.0011334445211256816
2016-05-23__bonirob_2016-05-23-11-12-51_7_frame111,bonirob_2016-05-23-11-12-51_7,111,1251936,0.03649387828131789,-0.0013395253431485316,0.0006933261764179646
2016-05-23__bonirob_2016-05-23-11-12-51_7_frame116,bonirob_2016-05-23-11-12-51_7,116,1251936,0.03902675536129643,-0.0017476931728139453,0.0008914193696802353
2016-05-23__bonirob_2016-05-23-11-12-51_7_frame119,bonirob_2016-05-23-11-12-51_7,119,1251936,0.013106101270352478,-0.0012284973033765308,0.0005615303018684653
2016-05-23__bonirob_2016-05-23-11-12-51_7_frame137,bonirob_2016-05-23-11-12-51_7,137,1251936,0.0018523311095774864,-0.0017476931728139457,-0.0016071109066278148
2016-05-23__bonirob_2016-05-23-11-12-51_7_frame190,bonirob_2016-05-23-11-12-51_7,190,1251936,0.03310312987245354,-0.004302136850446028,-7.58824732254651e-05
