image_id,n_valid_pixels,true_soil_background_pred_soil_background_count,true_soil_background_pred_crop_count,true_soil_background_pred_weed_count,true_soil_background_pred_dicot_count,true_soil_background_pred_grass_count,true_crop_pred_soil_background_count,true_crop_pred_crop_count,true_crop_pred_weed_count,true_crop_pred_dicot_count,true_crop_pred_grass_count,true_weed_pred_soil_background_count,true_weed_pred_crop_count,true_weed_pred_weed_count,true_weed_pred_dicot_count,true_weed_pred_grass_count,true_dicot_pred_soil_background_count,true_dicot_pred_crop_count,true_dicot_pred_weed_count,true_dicot_pred_dicot_count,true_dicot_pred_grass_count,true_grass_pred_soil_background_count,true_grass_pred_crop_count,true_grass_pred_weed_count,true_grass_pred_dicot_count,true_grass_pred_grass_count,prob_functional_true_soil_pred_soil_count,prob_functional_true_soil_pred_crop_count,prob_functional_true_soil_pred_functional_weed_count,prob_functional_true_crop_pred_soil_count,prob_functional_true_crop_pred_crop_count,prob_functional_true_crop_pred_functional_weed_count,prob_functional_true_functional_weed_pred_soil_count,prob_functional_true_functional_weed_pred_crop_count,prob_functional_true_functional_weed_pred_functional_weed_count
2016-05-23__bonirob_2016-05-23-10-37-10_0_frame23,1251936,1060546,4963,1275,0,9718,2082,67683,0,0,352,0,0,0,0,0,10405,29,426,0,2349,34408,1504,995,0,55201,1057282,4906,14314,2059,67522,536,40954,1343,63020
2016-05-23__bonirob_2016-05-23-10-37-10_0_frame28,1251936,1147998,4742,1470,0,4427,3933,58005,0,0,0,0,0,0,0,0,0,0,0,0,0,16660,5,1191,0,13505,1146023,4695,7919,3933,57999,6,15005,5,16351
2016-05-23__bonirob_2016-05-23-10-37-10_0_frame30,1251936,1223467,2476,228,0,256,1447,13105,0,0,0,0,0,0,0,0,0,0,0,0,0,8880,207,490,0,1380,1222992,2476,959,1447,13105,0,8021,191,2745
2016-05-23__bonirob_2016-05-23-10-37-10_0_frame31,1251936,1203267,2099,739,0,0,1434,21447,0,0,0,0,0,0,0,0,222,0,36,0,0,16646,586,5254,0,206,1202921,2040,1144,1434,21447,0,16044,213,6693
2016-05-23__bonirob_2016-05-23-10-37-10_0_frame35,1251936,1194634,2083,3,0,844,1460,27379,0,0,0,0,0,0,0,0,0,0,0,0,0,12846,6828,0,0,5859,1194081,2060,1423,1460,27379,0,11655,6399,7479
2016-05-23__bonirob_2016-05-23-10-37-10_0_frame44,1251936,1087139,5172,1446,1,22436,514,34572,24,0,111,0,0,0,0,0,2302,0,908,0,822,15145,2208,369,0,78767,1082514,5165,28515,501,34572,148,14810,1953,83758
2016-05-23__bonirob_2016-05-23-10-37-10_0_frame47,1251936,1193937,3225,604,0,1070,1400,29744,0,0,0,0,0,0,0,0,216,0,0,0,0,11791,171,0,0,9778,1193110,3224,2502,1400,29744,0,10947,137,10872
2016-05-23__bonirob_2016-05-23-10-37-10_0_frame50,1251936,1243774,142,1458,0,0,896,5011,0,0,0,0,0,0,0,0,0,0,0,0,0,529,0,126,0,0,1243742,142,1490,896,5011,0,508,0,147
2016-05-23__bonirob_2016-05-23-10-37-10_0_frame52,1251936,1221013,1810,431,0,0,2133,25680,0,0,0,0,0,0,0,0,350,0,519,0,0,0,0,0,0,0,1221006,1810,438,2133,25680,0,345,0,524
2016-05-23__bonirob_2016-05-23-10-37-10_0_frame55,1251936,1231959,937,120,0,0,1553,16557,0,0,0,0,0,0,0,0,0,0,0,0,0,459,0,351,0,0,1231944,929,143,1552,16550,8,388,0,422
2016-05-23__bonirob_2016-05-23-10-37-10_0_frame60,1251936,1209936,2046,597,0,171,1476,31140,0,0,0,0,0,0,0,0,946,0,315,0,0,2993,443,294,0,1579,1209652,2046,1052,1476,31140,0,3510,443,2617
2016-05-23__bonirob_2016-05-23-10-37-10_0_frame93,1251936,1231593,147,1051,0,1088,117,1516,0,0,0,0,0,0,0,0,3374,0,1918,1,0,6778,0,1073,0,3280,1230292,147,3440,117,1516,0,8411,0,8013
2016-05-23__bonirob_2016-05-23-10-37-10_0_frame96,1251936,1213709,840,637,0,2453,357,7497,0,0,0,0,0,0,0,0,2963,0,2147,0,0,9316,556,917,0,10544,1212062,840,4737,357,7497,0,10044,522,15877
2016-05-23__bonirob_2016-05-23-10-37-10_0_frame97,1251936,1205269,160,1319,4,2161,201,2024,0,0,0,0,0,0,0,0,3169,416,1549,277,674,16638,0,4559,0,13516,1203432,160,5321,201,2024,0,16970,44,23784
2016-05-23__bonirob_2016-05-23-10-37-10_0_frame102,1251936,1168175,1546,3644,58,897,1379,35799,0,0,0,0,0,0,0,0,12754,0,19296,625,373,3954,0,550,0,2886,1165852,1546,6922,1379,35799,0,12959,0,27479
2016-05-23__bonirob_2016-05-23-10-37-10_0_frame103,1251936,1184694,1677,1671,0,3139,1721,22328,49,0,0,0,0,0,0,0,2458,0,1756,0,157,16818,464,3564,0,11440,1181621,1560,8000,1691,22130,277,15340,334,20983
2016-05-23__bonirob_2016-05-23-10-37-10_0_frame113,1251936,1205732,1729,1231,1,1800,1490,16430,0,0,0,0,0,0,0,0,5197,497,2805,13,0,9394,0,263,0,5354,1203896,1714,4883,1490,16408,22,12055,135,11333
2016-05-23__bonirob_2016-05-23-10-37-10_0_frame114,1251936,1203729,2103,1827,0,4484,994,14091,0,0,0,0,0,0,0,0,4397,991,2148,0,0,8207,0,1118,0,7847,1201563,2103,8477,994,14091,0,10238,991,13479
2016-05-23__bonirob_2016-05-23-10-37-10_0_frame117,1251936,1218179,626,1583,0,3879,191,874,0,0,0,0,0,0,0,0,1525,3123,702,1,0,13123,0,1283,0,6847,1215939,497,7831,191,874,0,12204,3123,11277
2016-05-23__bonirob_2016-05-23-10-37-10_0_frame125,1251936,1166819,3003,261,2,6619,618,27902,20,0,376,0,0,0,0,0,3343,0,241,0,35,17597,136,574,0,24390,1164506,2970,9228,609,27710,597,18155,111,28050
2016-05-23__bonirob_2016-05-23-10-37-10_0_frame128,1251936,1164018,2370,277,237,3934,1238,27674,0,0,0,0,0,0,0,0,2631,0,295,205,1225,26663,1151,38,0,19980,1162424,2362,6050,1238,27674,0,26448,1034,24706
2016-05-23__bonirob_2016-05-23-10-37-10_0_frame132,1251936,1178513,2661,32,2,2995,1054,52737,0,0,0,0,0,0,0,0,2121,0,45,27,535,3333,0,0,0,7881,1177958,2661,3584,1054,52737,0,4900,0,9042
2016-05-23__bonirob_2016-05-23-10-37-10_0_frame139,1251936,1192652,2272,679,47,2016,1181,29286,0,0,0,0,0,0,0,0,4465,32,2331,277,802,6841,0,618,0,8437,1191244,2272,4150,1181,29286,0,9152,14,14637
2016-05-23__bonirob_2016-05-23-10-37-10_0_frame143,1251936,1173623,3480,218,311,1766,1641,54155,0,0,0,0,0,0,0,0,2582,0,1242,1057,248,6534,0,142,50,4887,1172653,3480,3265,1641,54155,0,7728,0,9014
2016-05-23__bonirob_2016-05-23-10-37-10_0_frame145,1251936,1196196,2523,520,0,2132,812,23731,0,0,0,0,0,0,0,0,632,95,215,0,0,10984,169,3075,0,10852,1194472,2511,4388,812,23731,0,9416,133,16473
2016-05-23__bonirob_2016-05-23-10-37-10_0_frame150,1251936,1157010,3913,246,14,707,3069,75527,0,0,0,0,0,0,0,0,3447,719,354,24,432,2889,0,281,0,3304,1156172,3913,1805,3069,75527,0,5443,719,5288
2016-05-23__bonirob_2016-05-23-10-37-10_0_frame151,1251936,1156618,3990,471,0,501,3724,76604,0,0,0,0,0,0,0,0,3601,56,1118,1,110,3476,0,309,0,1357,1156150,3989,1441,3724,76604,0,6171,28,3829
2016-05-23__bonirob_2016-05-23-10-37-10_0_frame152,1251936,1170274,4338,68,0,354,2971,68075,0,0,0,0,0,0,0,0,0,0,0,0,0,2684,0,1341,5,1826,1169974,4338,722,2971,68075,0,2257,0,3599
2016-05-23__bonirob_2016-05-23-10-37-10_0_frame156,1251936,1204943,1583,158,8,1858,2736,32521,0,0,0,0,0,0,0,0,1569,0,539,60,176,2975,0,0,0,2810,1204374,1583,2593,2736,32521,0,3807,0,4322
2016-05-23__bonirob_2016-05-23-10-37-10_0_frame161,1251936,1201484,1142,16,0,5089,1050,11697,0,0,0,0,0,0,0,0,619,14,146,0,99,12293,0,0,0,18287,1200339,1132,6260,1050,11697,0,11642,0,19816
2016-05-23__bonirob_2016-05-23-10-37-10_0_frame169,1251936,1154455,3853,1,125,4917,1469,62615,0,0,0,0,0,0,0,0,1470,0,13,207,457,10853,0,0,0,11501,1153699,3853,5799,1469,62615,0,11394,0,13107
2016-05-23__bonirob_2016-05-23-10-37-10_0_frame180,1251936,1119744,8304,34,40,4572,2588,93416,0,0,0,0,0,0,0,0,2041,0,145,141,2347,5536,204,24,0,12800,1118822,8304,5568,2588,93416,0,6709,204,16325
2016-05-23__bonirob_2016-05-23-10-37-10_0_frame182,1251936,1110388,4260,3328,0,3849,1038,48177,0,0,0,0,0,0,0,0,4024,1980,39310,0,0,11938,783,7682,0,15179,1108305,4164,9356,1038,48177,0,13593,2437,64866
2016-05-23__bonirob_2016-05-23-10-37-10_0_frame197,1251936,1246363,132,237,0,118,0,0,0,0,0,0,0,0,0,0,1532,1212,600,0,0,888,0,408,0,446,1246056,132,662,0,0,0,1989,1212,1885
2016-05-23__bonirob_2016-05-23-10-37-10_0_frame205,1251936,1182779,3576,123,0,4001,1872,40115,0,0,0,0,0,0,0,0,454,0,146,0,0,7292,560,145,0,10873,1181676,3576,5227,1872,40115,0,6630,560,12280
2016-05-23__bonirob_2016-05-23-10-37-10_0_frame209,1251936,1163988,4043,21,0,2246,1126,66776,0,0,0,0,0,0,0,0,479,168,147,0,175,3845,0,7,0,8915,1163582,4043,2673,1126,66776,0,3855,168,9713
2016-05-23__bonirob_2016-05-23-10-37-10_0_frame210,1251936,1150789,4513,68,0,5963,1390,43041,0,0,563,0,0,0,0,0,1755,1765,49,0,1112,7102,7628,109,0,26089,1149348,4347,7638,1384,42816,794,7676,8825,29108
2016-05-23__bonirob_2016-05-23-10-37-10_0_frame214,1251936,1226610,732,561,0,465,530,14565,0,0,0,0,0,0,0,0,4737,105,1867,0,0,728,0,40,0,996,1225933,732,1703,530,14565,0,4775,105,3593
2016-05-23__bonirob_2016-05-23-10-37-10_0_frame215,1251936,1216931,1424,1425,0,121,1651,24234,0,0,0,0,0,0,0,0,2046,0,879,0,0,1268,0,1822,0,135,1216498,1424,1979,1651,24234,0,2852,0,3298
2016-05-23__bonirob_2016-05-23-10-37-10_0_frame220,1251936,1200183,2207,30,4,1078,952,40168,0,0,0,0,0,0,0,0,781,543,87,3,85,3404,0,0,0,2411,1199798,2207,1497,952,40168,0,3734,543,3037
2016-05-23__bonirob_2016-05-23-10-37-10_0_frame223,1251936,1147029,6854,80,0,0,3040,92569,0,0,0,0,0,0,0,0,991,825,548,0,0,0,0,0,0,0,1147015,6854,94,3040,92569,0,986,825,553
2016-05-23__bonirob_2016-05-23-10-37-10_0_frame232,1251936,1155778,4234,975,0,0,4015,81396,0,0,0,0,0,0,0,0,1431,0,1602,0,0,737,0,1768,0,0,1155582,4234,1171,4015,81396,0,1955,0,3583
2016-05-23__bonirob_2016-05-23-10-37-10_0_frame234,1251936,1142338,5732,277,10,3532,2981,81812,0,0,0,0,0,0,0,0,3440,14,643,98,422,3674,0,298,0,6665,1141284,5732,4873,2981,81812,0,5975,14,9265
2016-05-23__bonirob_2016-05-23-10-37-10_0_frame239,1251936,1225024,1529,594,0,0,969,15496,0,0,0,0,0,0,0,0,1791,5755,778,0,0,0,0,0,0,0,1225017,1527,603,969,15496,0,1786,5755,783
2016-05-23__bonirob_2016-05-23-10-37-10_0_frame242,1251936,1197348,1650,1053,0,0,1405,45922,0,0,0,0,0,0,0,0,2533,112,1913,0,0,0,0,0,0,0,1197298,1650,1103,1405,45922,0,2492,112,1954
2016-05-23__bonirob_2016-05-23-10-37-10_0_frame246,1251936,1127116,6111,276,0,0,2968,110671,0,0,0,0,0,0,0,0,2235,0,461,0,0,703,1208,172,0,15,1127031,6053,419,2968,110671,0,2767,1023,1004
2016-05-23__bonirob_2016-05-23-10-37-10_0_frame253,1251936,1179641,3198,558,0,488,2245,61080,0,0,0,0,0,0,0,0,1967,460,676,1,0,644,0,245,0,733,1179198,3170,1517,2245,61080,0,2158,456,2112
2016-05-23__bonirob_2016-05-23-10-37-10_0_frame256,1251936,1127653,5693,27,32,2210,2497,103183,0,0,0,0,0,0,0,0,1392,0,34,61,511,3559,0,0,0,5084,1127154,5693,2768,2497,103183,0,4528,0,6113
2016-05-23__bonirob_2016-05-23-10-37-10_0_frame257,1251936,1173896,3545,83,82,841,2269,66490,0,0,0,0,0,0,0,0,1348,0,498,203,71,1350,0,0,0,1260,1173499,3545,1403,2269,66490,0,2135,0,2595
2016-05-23__bonirob_2016-05-23-10-37-10_0_frame258,1251936,1174466,5168,732,0,0,1511,65039,0,0,0,0,0,0,0,0,2150,246,1973,0,0,551,0,100,0,0,1174398,5168,800,1511,65039,0,2630,246,2144
2016-05-23__bonirob_2016-05-23-10-37-10_0_frame261,1251936,1146349,6657,1276,0,0,2288,91882,0,0,0,0,0,0,0,0,1410,6,2068,0,0,0,0,0,0,0,1146309,6656,1317,2288,91882,0,1378,0,2106
2016-05-23__bonirob_2016-05-23-10-37-10_0_frame269,1251936,1171318,2948,988,0,0,2757,69164,0,0,0,0,0,0,0,0,2009,0,2150,0,0,508,0,94,0,0,1171282,2948,1024,2757,69164,0,2458,0,2303
2016-05-23__bonirob_2016-05-23-10-37-10_0_frame276,1251936,1154763,4357,776,0,0,2590,86506,0,0,0,0,0,0,0,0,1569,0,996,0,0,220,0,159,0,0,1154661,4357,878,2590,86506,0,1653,0,1291
2016-05-23__bonirob_2016-05-23-10-37-10_0_frame283,1251936,1137622,5903,18712,13,649,2300,62410,0,0,0,0,0,0,0,0,7946,1264,12284,25,762,1071,844,48,0,83,1135848,5526,21525,2300,62410,0,7641,1447,15239
2016-05-23__bonirob_2016-05-23-10-37-10_0_frame288,1251936,1196160,3758,284,0,141,1948,46379,0,0,0,0,0,0,0,0,1039,0,293,24,0,1078,0,164,0,668,1195822,3758,763,1948,46379,0,1553,0,1713
2016-05-23__bonirob_2016-05-23-10-37-10_0_frame301,1251936,1173502,2259,350,0,8239,1531,22103,0,0,0,0,0,0,0,0,1786,0,460,0,248,12518,353,1316,0,27271,1172034,2259,10057,1531,22103,0,12938,353,30661
2016-05-23__bonirob_2016-05-23-10-37-10_0_frame304,1251936,1221543,1653,294,0,0,1616,24509,1350,0,0,0,0,0,0,0,487,0,484,0,0,0,0,0,0,0,1221534,1653,303,1606,24469,1400,486,0,485
2016-05-23__bonirob_2016-05-23-10-42-16_1_frame1,1251936,1087413,2603,27,30,5442,2204,88667,0,0,0,0,0,0,0,0,0,0,0,0,0,15525,0,111,73,49841,1086381,2603,6531,2204,88667,0,14262,0,51288
2016-05-23__bonirob_2016-05-23-10-42-16_1_frame17,1251936,1147849,2611,45,1,642,815,77164,0,0,0,0,0,0,0,0,0,0,0,0,0,3622,5919,1588,1,11679,1147487,2611,1050,815,77164,0,2772,5919,14118
2016-05-23__bonirob_2016-05-23-10-42-16_1_frame21,1251936,1191248,946,111,1,19,4928,47724,6639,0,320,0,0,0,0,0,0,0,0,0,0,0,0,0,0,0,1190934,946,445,3919,47086,8606,0,0,0
2016-05-23__bonirob_2016-05-23-10-42-16_1_frame27,1251936,1154318,1561,138,0,261,1725,87703,0,0,0,0,0,0,0,0,0,0,0,0,0,2070,61,1050,6,3043,1153826,1561,891,1725,87703,0,1337,61,4832
2016-05-23__bonirob_2016-05-23-10-42-16_1_frame28,1251936,1163246,896,438,0,0,2721,80301,356,0,0,1276,0,2702,0,0,0,0,0,0,0,0,0,0,0,0,1163204,895,481,2703,80259,416,1234,0,2744
2016-05-23__bonirob_2016-05-23-10-42-16_1_frame30,1251936,1134385,2070,34,2,874,1306,100094,0,0,0,0,0,0,0,0,0,0,0,0,0,3464,826,100,9,8772,1133506,2070,1789,1306,100094,0,2390,826,9955
2016-05-23__bonirob_2016-05-23-10-42-16_1_frame39,1251936,1181269,1077,170,10,1207,1302,50843,0,0,96,0,0,0,0,0,0,0,0,0,0,4853,0,1484,75,9550,1180136,1077,2520,1249,50843,149,3451,0,12511
2016-05-23__bonirob_2016-05-23-10-42-16_1_frame48,1251936,1154691,1806,0,5,2023,1471,74288,0,0,0,0,0,0,0,0,0,0,0,0,0,4369,0,28,16,13239,1153969,1806,2750,1471,74288,0,3517,0,14135
2016-05-23__bonirob_2016-05-23-10-42-16_1_frame49,1251936,1183430,1610,178,0,85,2357,60694,565,0,338,1121,740,692,0,126,0,0,0,0,0,0,0,0,0,0,1183068,1606,629,2240,60582,1132,881,641,1157
2016-05-23__bonirob_2016-05-23-10-42-16_1_frame53,1251936,707103,12013,28086,3,32,0,0,0,0,0,17656,120074,366611,3,355,0,0,0,0,0,0,0,0,0,0,705734,11081,30422,0,0,0,16195,110380,378124
2016-05-23__bonirob_2016-05-23-10-42-16_1_frame54,1251936,749646,18958,7560,108,489,3,34535,0,0,0,16344,269949,154313,0,31,0,0,0,0,0,0,0,0,0,0,748537,18414,9810,3,34535,0,16001,263569,161067
2016-05-23__bonirob_2016-05-23-10-42-16_1_frame58,1251936,1148136,2207,8,0,1566,912,85339,0,0,0,0,0,0,0,0,0,0,0,0,0,2372,0,24,15,11357,1147527,2201,2189,912,85339,0,1680,0,12088
2016-05-23__bonirob_2016-05-23-10-42-16_1_frame62,1251936,1205239,469,12,80,934,1323,26287,0,0,0,0,0,0,0,0,0,0,0,0,0,4271,303,1273,839,10906,1204197,469,2068,1323,26287,0,2714,303,14575
2016-05-23__bonirob_2016-05-23-10-42-16_1_frame66,1251936,1172505,597,261,0,0,2138,74340,0,0,0,844,0,1251,0,0,0,0,0,0,0,0,0,0,0,0,1172480,597,286,2138,74340,0,816,0,1279
2016-05-23__bonirob_2016-05-23-10-42-16_1_frame69,1251936,1086806,5396,54,33,1591,0,0,0,0,0,0,0,0,0,0,0,0,0,0,0,8904,126753,637,552,21210,1086239,5375,2266,0,0,0,7992,126527,23537
2016-05-23__bonirob_2016-05-23-10-42-16_1_frame79,1251936,1145172,3090,242,45,1297,5829,83045,0,0,0,0,0,0,0,0,0,0,0,0,0,4071,53,2517,207,6368,1144166,3081,2599,5826,83037,11,2827,53,10336
2016-05-23__bonirob_2016-05-23-10-42-16_1_frame81,1251936,1118579,4605,14,12,1219,1014,115840,0,0,2486,0,0,0,0,0,0,0,0,0,0,2028,223,97,37,5782,1117776,4597,2056,906,115819,2615,1168,81,6918
2016-05-23__bonirob_2016-05-23-10-42-16_1_frame83,1251936,1082062,5166,60,0,2381,0,0,0,0,0,0,0,0,0,0,0,0,0,0,0,3072,144478,1922,0,12795,1081544,5164,2961,0,0,0,2768,144454,15045
2016-05-23__bonirob_2016-05-23-10-42-16_1_frame88,1251936,1084718,3232,112,0,0,2168,160898,0,0,0,405,16,387,0,0,0,0,0,0,0,0,0,0,0,0,1084710,3232,120,2168,160898,0,401,16,391
2016-05-23__bonirob_2016-05-23-10-42-16_1_frame89,1251936,1108544,3218,1,0,3400,644,119254,0,0,0,0,0,0,0,0,0,0,0,0,0,2573,0,3,0,14299,1107947,3218,3998,644,119254,0,2119,0,14756
2016-05-23__bonirob_2016-05-23-10-42-16_1_frame94,1251936,1072419,5893,72,0,3220,1152,150098,0,0,12,0,0,0,0,0,0,0,0,0,0,3537,683,931,0,13919,1071912,5885,3807,1151,150090,21,3072,453,15545
2016-05-23__bonirob_2016-05-23-10-42-16_1_frame96,1251936,1122923,1619,625,15,520,703,120094,0,0,0,0,0,0,0,0,0,0,0,0,0,1120,0,1594,1,2722,1121963,1619,2120,703,120094,0,783,0,4654
2016-05-23__bonirob_2016-05-23-10-42-16_1_frame104,1251936,1079390,5407,1589,0,0,820,160637,0,0,0,0,0,0,0,0,0,0,0,0,0,556,0,3537,0,0,1079127,5407,1852,820,160637,0,482,0,3611
2016-05-23__bonirob_2016-05-23-10-42-16_1_frame111,1251936,1167068,1095,5,50,930,1566,68347,0,0,0,0,0,0,0,0,0,0,0,0,0,3592,938,182,305,7858,1166305,1095,1748,1566,68347,0,2578,938,9359
2016-05-23__bonirob_2016-05-23-10-42-16_1_frame117,1251936,1135199,2261,1324,0,909,3530,93351,0,0,0,0,0,0,0,0,0,0,0,0,0,3304,61,7101,1,4895,1133641,2253,3799,3530,93351,0,1979,25,13358
2016-05-23__bonirob_2016-05-23-10-42-16_1_frame124,1251936,1114537,3894,1190,0,0,1618,125958,0,0,0,851,302,3586,0,0,0,0,0,0,0,0,0,0,0,0,1114400,3885,1336,1618,125958,0,793,260,3686
2016-05-23__bonirob_2016-05-23-10-42-16_1_frame125,1251936,1066696,7703,20,76,2177,0,0,0,0,0,0,0,0,0,0,0,0,0,0,0,2899,162665,41,215,9444,1065895,7698,3079,0,0,0,2521,162632,10111
2016-05-23__bonirob_2016-05-23-10-42-16_1_frame126,1251936,1106156,4312,60,103,1466,2339,127213,4,0,3099,0,0,0,0,0,0,0,0,0,0,1682,1773,557,104,3068,1105201,4290,2606,2123,126917,3615,1198,1723,4263
2016-05-23__bonirob_2016-05-23-10-42-16_1_frame132,1251936,1163770,1111,1025,0,0,1600,75174,0,0,0,2175,0,7081,0,0,0,0,0,0,0,0,0,0,0,0,1163436,1111,1359,1600,75174,0,1845,0,7411
2016-05-23__bonirob_2016-05-23-10-42-16_1_frame135,1251936,1111443,3814,136,0,629,7118,121059,103,0,1814,0,0,0,0,0,0,0,0,0,0,1258,0,479,4,4079,1110487,3785,1750,7017,120116,2961,689,0,5131
2016-05-23__bonirob_2016-05-23-10-42-16_1_frame137,1251936,1110799,4006,445,0,0,2082,132672,0,0,0,662,0,1270,0,0,0,0,0,0,0,0,0,0,0,0,1110766,4006,478,2082,132672,0,640,0,1292
2016-05-23__bonirob_2016-05-23-10-42-16_1_frame138,1251936,1095405,3984,18,0,2265,493,132861,0,0,0,0,0,0,0,0,0,0,0,0,0,1488,3952,0,0,11470,1094668,3933,3071,493,132861,0,1259,3803,11848
2016-05-23__bonirob_2016-05-23-10-42-16_1_frame139,1251936,1173676,2485,68,0,110,922,67497,0,0,0,0,0,0,0,0,0,0,0,0,0,1599,3989,378,14,1198,1173331,2469,539,920,67497,2,1237,3531,2410
2016-05-23__bonirob_2016-05-23-10-42-16_1_frame140,1251936,1107600,6310,85,5,481,665,130746,0,0,0,0,0,0,0,0,0,0,0,0,0,990,1917,519,23,2595,1107041,6305,1135,665,130746,0,602,1786,3656
2016-05-23__bonirob_2016-05-23-10-42-16_1_frame150,1251936,1152625,2106,268,6,4356,564,55716,0,0,0,7185,120,1535,46,27409,0,0,0,0,0,0,0,0,0,0,1150098,2065,7198,564,55716,0,5114,45,31136
2016-05-23__bonirob_2016-05-23-10-42-16_1_frame154,1251936,1125834,1994,358,0,0,2140,119620,0,0,0,327,3,1660,0,0,0,0,0,0,0,0,0,0,0,0,1125816,1992,378,2140,119620,0,315,2,1673
2016-05-23__bonirob_2016-05-23-10-42-16_1_frame155,1251936,1087573,7355,1062,0,0,1088,150023,0,0,0,627,736,3472,0,0,0,0,0,0,0,0,0,0,0,0,1087529,7355,1106,1088,150023,0,599,726,3510
2016-05-23__bonirob_2016-05-23-10-42-16_1_frame158,1251936,1111407,3128,307,94,160,921,125996,0,0,0,0,0,0,0,0,0,0,0,0,0,1778,3381,3345,115,1304,1110761,3125,1210,921,125996,0,1196,3347,5380
2016-05-23__bonirob_2016-05-23-10-42-16_1_frame160,1251936,1122335,2872,603,13,143,1299,115100,0,0,0,0,0,0,0,0,0,0,0,0,0,2379,468,6230,77,417,1121376,2872,1718,1299,115100,0,1372,463,7736
2016-05-23__bonirob_2016-05-23-10-42-16_1_frame164,1251936,1098016,5219,1023,0,0,785,140073,0,0,0,1112,1143,4565,0,0,0,0,0,0,0,0,0,0,0,0,1097975,5212,1071,785,140073,0,1076,1137,4607
2016-05-23__bonirob_2016-05-23-10-42-16_1_frame180,1251936,1102243,6225,40,27,2398,0,0,0,0,0,0,0,0,0,0,0,0,0,0,0,5100,124199,39,23,11642,1101376,6222,3335,0,0,0,4439,124167,12397
2016-05-23__bonirob_2016-05-23-10-42-16_1_frame185,1251936,1063293,6274,3425,0,0,687,165966,368,0,0,1397,0,10526,0,0,0,0,0,0,0,0,0,0,0,0,1063155,6273,3564,682,165960,379,1334,0,10589
2016-05-23__bonirob_2016-05-23-10-42-16_1_frame187,1251936,1043888,7556,0,6,7792,445,159996,0,0,33,0,0,0,0,0,0,0,0,0,0,3292,11,0,5,28912,1042736,7551,8955,445,159991,38,2788,2,29430
2016-05-23__bonirob_2016-05-23-10-42-16_1_frame189,1251936,1107020,5379,15,149,2466,1304,118366,0,0,645,0,0,0,0,0,0,0,0,0,0,2757,269,165,119,13282,1105405,5355,4269,1272,118079,964,1794,50,14748
2016-05-23__bonirob_2016-05-23-10-42-16_1_frame193,1251936,1176850,1145,1545,0,0,1506,55246,0,0,0,0,0,0,0,0,0,0,0,0,0,3541,444,11659,0,0,1176746,1139,1655,1506,55246,0,3397,443,11804
2016-05-23__bonirob_2016-05-23-10-42-16_1_frame194,1251936,1064734,8620,118,8,7026,0,0,0,0,0,0,0,0,0,0,0,0,0,0,0,7241,136040,1217,1,26931,1061981,8533,9992,0,0,0,5483,134535,31412
2016-05-23__bonirob_2016-05-23-10-42-16_1_frame200,1251936,1071845,7530,3529,688,727,1143,144779,2039,0,0,3258,109,11391,1232,3666,0,0,0,0,0,0,0,0,0,0,1069148,7485,7686,1064,144518,2379,1961,66,17629
2016-05-23__bonirob_2016-05-23-10-42-16_1_frame204,1251936,1113454,3600,348,130,3557,670,106501,0,0,0,0,0,0,0,0,0,0,0,0,0,3950,677,2031,223,16795,1110351,3494,7244,670,106501,0,2053,579,21044
2016-05-23__bonirob_2016-05-23-10-42-16_1_frame217,1251936,1114482,4608,2455,0,0,4241,113345,12805,0,0,0,0,0,0,0,0,0,0,0,0,0,0,0,0,0,1114223,4566,2756,4008,113182,13201,0,0,0
2016-05-23__bonirob_2016-05-23-10-42-16_1_frame218,1251936,1056023,9595,500,372,2336,581,161789,13,56,0,0,0,0,0,0,0,0,0,0,0,2977,1907,1472,366,13949,1053308,9514,6004,503,161701,235,1599,1577,17495
2016-05-23__bonirob_2016-05-23-10-42-16_1_frame219,1251936,1113846,3492,78,270,5567,0,0,0,0,0,0,0,0,0,0,0,0,0,0,0,7414,81605,113,442,39109,1111448,3465,8340,0,0,0,5689,81049,41945
2016-05-23__bonirob_2016-05-23-10-42-16_1_frame230,1251936,1104595,2767,438,304,759,3576,116128,7778,164,872,0,0,0,0,0,0,0,0,0,0,3123,2046,2286,2871,4229,1102707,2703,3453,2800,114544,11174,1780,103,12672
2016-05-23__bonirob_2016-05-23-10-42-16_1_frame231,1251936,1143952,1765,3,14,5426,535,61164,0,0,0,0,0,0,0,0,0,0,0,0,0,5794,4479,47,41,28716,1142219,1691,7250,535,61164,0,4261,3636,31180
2016-05-23__bonirob_2016-05-23-10-42-16_1_frame232,1251936,1112131,3863,49,96,7305,0,0,0,0,0,0,0,0,0,0,0,0,0,0,0,5556,84978,228,146,37584,1110625,3852,8967,0,0,0,4579,84945,38968
2016-05-23__bonirob_2016-05-23-10-42-16_1_frame240,1251936,1081122,5524,3,347,1246,649,152521,0,0,0,0,0,0,0,0,0,0,0,0,0,2486,151,18,263,7606,1079972,5522,2748,649,152521,0,1840,112,8572
2016-05-23__bonirob_2016-05-23-10-42-16_1_frame253,1251936,1113882,3429,0,29,2090,930,115189,0,0,0,0,0,0,0,0,0,0,0,0,0,3200,467,0,40,12680,1112831,3428,3171,929,115166,24,2203,467,13717
2016-05-23__bonirob_2016-05-23-10-42-16_1_frame254,1251936,1196359,396,972,0,0,1322,36843,210,0,0,0,0,0,0,0,0,0,0,0,0,3383,1,12450,0,0,1196320,396,1011,1321,36836,218,3260,0,12574
2016-05-23__bonirob_2016-05-23-10-42-16_1_frame261,1251936,1108920,2404,12,0,5148,284,83770,0,0,0,0,0,0,0,0,0,0,0,0,0,10421,131,1108,0,39738,1107905,2403,6176,284,83770,0,9308,112,41978
2016-05-23__bonirob_2016-05-23-10-42-16_1_frame266,1251936,1163525,2074,19,79,568,973,74846,0,0,0,0,0,0,0,0,0,0,0,0,0,3918,0,799,533,4602,1162834,2074,1357,972,74843,4,2474,0,7378
2016-05-23__bonirob_2016-05-23-10-42-16_1_frame274,1251936,1045644,7659,42,2,3432,0,0,0,0,0,0,0,0,0,0,0,0,0,0,0,3837,167950,399,5,22966,1044750,7592,4437,0,0,0,3260,167291,24606
2016-05-23__bonirob_2016-05-23-10-42-16_1_frame277,1251936,1080154,7435,17,0,4832,1583,130898,0,0,0,0,0,0,0,0,0,0,0,0,0,3811,1923,276,6,21001,1079283,7435,5720,1583,130898,0,3035,1876,22106
2016-05-23__bonirob_2016-05-23-10-42-16_1_frame280,1251936,1167205,938,0,53,1236,0,0,0,0,0,0,0,0,0,0,0,0,0,0,0,5274,62725,86,141,14278,1166370,932,2130,0,0,0,4059,62098,16347
2016-05-23__bonirob_2016-05-23-10-42-16_1_frame281,1251936,1183283,650,84,81,2160,406,25007,0,0,0,0,0,0,0,0,0,0,0,0,0,12562,194,1054,275,26180,1181720,603,3935,406,25007,0,9946,171,30148
2016-05-23__bonirob_2016-05-23-10-42-16_1_frame286,1251936,1169141,896,0,16,1266,865,61110,0,0,0,0,0,0,0,0,0,0,0,0,0,4932,14,33,197,13466,1168410,896,2013,865,61110,0,3355,0,15287
2016-05-23__bonirob_2016-05-23-10-42-16_1_frame292,1251936,1156322,2184,33,13,1727,2927,66231,367,0,1366,0,0,0,0,0,0,0,0,0,0,4913,148,566,100,15039,1155279,2154,2846,2747,65673,2471,3477,96,17193
2016-05-23__bonirob_2016-05-23-10-42-16_1_frame293,1251936,1120180,2830,8,3,2945,0,0,0,0,0,0,0,0,0,0,0,0,0,0,0,8130,88330,136,72,29302,1119219,2824,3923,0,0,0,6783,88158,31029
2016-05-23__bonirob_2016-05-23-10-42-16_1_frame294,1251936,1091853,3950,8,1,2833,0,0,0,0,0,0,0,0,0,0,0,0,0,0,0,10554,111648,956,8,30125,1090769,3917,3959,0,0,0,9336,111212,32743
2016-05-23__bonirob_2016-05-23-10-42-16_1_frame295,1251936,1233476,4,158,13,527,123,1381,0,0,0,0,0,0,0,0,0,0,0,0,0,6635,0,3972,64,5583,1232581,4,1593,123,1381,0,4403,0,11851
2016-05-23__bonirob_2016-05-23-10-42-16_1_frame304,1251936,1131489,1560,34,0,4902,0,0,0,0,0,0,0,0,0,0,0,0,0,0,0,21601,28171,766,30,63383,1129694,1556,6735,0,0,0,18981,28116,66854
2016-05-23__bonirob_2016-05-23-10-47-22_2_frame7,1251936,1101761,2656,29,7,3104,0,0,0,0,0,0,0,0,0,0,0,0,0,0,0,15774,90038,345,4,38218,1100453,2656,4448,0,0,0,14448,89951,39980
2016-05-23__bonirob_2016-05-23-10-47-22_2_frame15,1251936,1163864,1374,150,0,3357,994,47911,0,0,0,0,0,0,0,0,0,0,0,0,0,4805,3205,1702,0,24574,1162080,1374,5291,994,47911,0,3341,2762,28183
2016-05-23__bonirob_2016-05-23-10-47-22_2_frame24,1251936,1193741,494,463,0,0,1331,47440,0,0,0,2846,0,5621,0,0,0,0,0,0,0,0,0,0,0,0,1193712,494,492,1331,47440,0,2763,0,5704
2016-05-23__bonirob_2016-05-23-10-47-22_2_frame26,1251936,1198182,565,244,0,783,1559,34824,0,0,0,0,0,0,0,0,0,0,0,0,0,4937,0,3403,0,7439,1197028,565,2181,1559,34824,0,3114,0,12665
2016-05-23__bonirob_2016-05-23-10-47-22_2_frame43,1251936,1110427,3041,13,0,6029,578,58594,0,0,0,0,0,0,0,0,0,0,0,0,0,11780,221,106,0,61147,1109137,3041,7332,578,58594,0,10282,221,62751
2016-05-23__bonirob_2016-05-23-10-47-22_2_frame44,1251936,1205102,277,189,19,466,1034,21488,0,0,0,0,0,0,0,0,0,0,0,0,0,5386,0,10806,201,6968,1204429,277,1347,1034,21488,0,3596,0,19765
2016-05-23__bonirob_2016-05-23-10-47-22_2_frame47,1251936,1240412,1,140,0,80,625,3833,0,0,0,0,0,0,0,0,0,0,0,0,0,3347,0,2291,3,1204,1240135,1,497,625,3833,0,2342,0,4503
2016-05-23__bonirob_2016-05-23-10-47-22_2_frame67,1251936,1201188,307,66,4,295,1577,42110,0,0,0,0,0,0,0,0,0,0,0,0,0,2071,0,1442,14,2862,1200661,307,892,1577,42110,0,1185,0,5204
2016-05-23__bonirob_2016-05-23-10-47-22_2_frame68,1251936,1133918,1829,393,0,0,1255,113816,0,0,0,175,0,550,0,0,0,0,0,0,0,0,0,0,0,0,1133884,1829,427,1255,113816,0,165,0,560
2016-05-23__bonirob_2016-05-23-10-47-22_2_frame69,1251936,1160145,1206,145,0,0,1471,87431,0,0,0,516,1,1021,0,0,0,0,0,0,0,0,0,0,0,0,1160138,1206,152,1471,87431,0,494,0,1044
2016-05-23__bonirob_2016-05-23-10-47-22_2_frame70,1251936,1234723,131,86,0,0,2046,12919,0,0,0,518,0,1513,0,0,0,0,0,0,0,0,0,0,0,0,1234716,131,93,2046,12919,0,490,0,1541
2016-05-23__bonirob_2016-05-23-10-47-22_2_frame78,1251936,1095035,5314,262,0,0,1383,149849,0,0,0,9,0,84,0,0,0,0,0,0,0,0,0,0,0,0,1095021,5314,276,1383,149849,0,6,0,87
2016-05-23__bonirob_2016-05-23-10-47-22_2_frame82,1251936,1142924,2931,7,0,276,2050,100627,0,0,0,0,0,0,0,0,0,0,0,0,0,666,0,245,2,2208,1142651,2931,556,2050,100627,0,380,0,2741
2016-05-23__bonirob_2016-05-23-10-47-22_2_frame86,1251936,1141823,1522,476,0,0,1371,103289,0,0,0,0,0,0,0,0,0,0,0,0,0,807,0,2648,0,0,1141803,1522,496,1371,103289,0,782,0,2673
2016-05-23__bonirob_2016-05-23-10-47-22_2_frame89,1251936,1199495,266,70,0,0,1748,47889,0,0,0,502,95,1871,0,0,0,0,0,0,0,0,0,0,0,0,1199489,266,76,1748,47889,0,478,36,1954
2016-05-23__bonirob_2016-05-23-10-47-22_2_frame91,1251936,1109281,3001,0,78,372,1372,135598,0,0,0,0,0,0,0,0,0,0,0,0,0,646,0,0,125,1463,1109003,3001,728,1372,135598,0,445,0,1789
2016-05-23__bonirob_2016-05-23-10-47-22_2_frame95,1251936,1213312,195,42,0,0,1286,36414,0,0,0,148,0,539,0,0,0,0,0,0,0,0,0,0,0,0,1213304,195,50,1286,36414,0,142,0,545
2016-05-23__bonirob_2016-05-23-10-47-22_2_frame99,1251936,1209643,304,168,0,0,2075,38244,66,0,0,0,0,0,0,0,0,0,0,0,0,977,0,431,0,28,1209605,304,206,2068,38244,73,871,0,565
2016-05-23__bonirob_2016-05-23-10-47-22_2_frame102,1251936,1159796,1114,277,0,0,1071,88812,0,0,0,0,0,0,0,0,0,0,0,0,0,240,0,626,0,0,1159502,1114,571,1071,88812,0,98,0,768
2016-05-23__bonirob_2016-05-23-10-47-22_2_frame104,1251936,1079911,3977,145,0,0,994,165724,0,0,0,131,0,1054,0,0,0,0,0,0,0,0,0,0,0,0,1079909,3977,147,994,165724,0,123,0,1062
2016-05-23__bonirob_2016-05-23-10-47-22_2_frame115,1251936,1133494,1792,160,33,244,1424,110327,0,0,0,0,0,0,0,0,0,0,0,0,0,1205,0,771,441,2045,1133146,1792,785,1424,110327,0,728,0,3734
2016-05-23__bonirob_2016-05-23-10-47-22_2_frame133,1251936,1120915,3006,17,15,642,854,119304,0,0,0,0,0,0,0,0,0,0,0,0,0,1955,1875,305,14,3034,1119955,2999,1641,854,119304,0,1050,1795,4338
2016-05-23__bonirob_2016-05-23-10-47-22_2_frame139,1251936,1175259,457,308,0,0,2421,68861,0,0,0,0,0,0,0,0,0,0,0,0,0,1283,0,3347,0,0,1175215,457,352,2421,68861,0,1223,0,3407
2016-05-23__bonirob_2016-05-23-10-47-22_2_frame140,1251936,1110416,4904,72,97,212,1155,131294,0,0,0,0,0,0,0,0,0,0,0,0,0,1012,0,929,748,1097,1109908,4904,889,1155,131294,0,495,0,3291
2016-05-23__bonirob_2016-05-23-10-47-22_2_frame143,1251936,1222500,88,409,0,0,1024,15357,0,0,0,2067,0,10491,0,0,0,0,0,0,0,0,0,0,0,0,1222494,88,415,1024,15357,0,2034,0,10524
2016-05-23__bonirob_2016-05-23-10-47-22_2_frame144,1251936,1195411,709,172,0,0,1338,52529,0,0,0,594,0,1183,0,0,0,0,0,0,0,0,0,0,0,0,1195401,709,182,1338,52529,0,586,0,1191
2016-05-23__bonirob_2016-05-23-10-47-22_2_frame146,1251936,1206744,314,288,0,0,1588,37049,71,0,0,1203,0,4679,0,0,0,0,0,0,0,0,0,0,0,0,1206725,314,307,1585,37036,87,1171,0,4711
2016-05-23__bonirob_2016-05-23-10-47-22_2_frame157,1251936,1159330,1212,218,0,0,1595,88392,0,0,0,239,0,950,0,0,0,0,0,0,0,0,0,0,0,0,1159325,1212,223,1595,88392,0,237,0,952
2016-05-23__bonirob_2016-05-23-10-47-22_2_frame163,1251936,1120418,2322,815,0,0,3738,122469,213,0,0,257,0,1704,0,0,0,0,0,0,0,0,0,0,0,0,1120367,2314,874,3729,122420,271,242,0,1719
2016-05-23__bonirob_2016-05-23-10-47-22_2_frame175,1251936,1156360,1271,62,14,589,1581,83050,0,0,0,0,0,0,0,0,0,0,0,0,0,2469,0,687,63,5790,1155866,1271,1159,1581,83050,0,1581,0,7428
2016-05-23__bonirob_2016-05-23-10-47-22_2_frame190,1251936,1159928,1523,1333,0,0,1199,79616,0,0,0,1057,0,7280,0,0,0,0,0,0,0,0,0,0,0,0,1159880,1523,1381,1199,79616,0,1011,0,7326
2016-05-23__bonirob_2016-05-23-10-47-22_2_frame191,1251936,1141782,1631,1583,11,366,4132,76247,25905,2,277,0,0,0,0,0,0,0,0,0,0,0,0,0,0,0,1140809,1628,2936,3328,76053,27182,0,0,0
2016-05-23__bonirob_2016-05-23-10-47-22_2_frame200,1251936,1099954,3836,59,44,227,922,142168,0,0,0,0,0,0,0,0,0,0,0,0,0,1278,11,1135,104,2198,1099510,3836,774,922,142168,0,833,11,3882
2016-05-23__bonirob_2016-05-23-10-47-22_2_frame206,1251936,1088961,3900,1867,0,0,1107,149077,0,0,0,847,0,6177,0,0,0,0,0,0,0,0,0,0,0,0,1088919,3899,1910,1107,149077,0,818,0,6206
2016-05-23__bonirob_2016-05-23-10-47-22_2_frame207,1251936,1008219,2833,833,525,0,18541,108412,46578,65125,870,0,0,0,0,0,0,0,0,0,0,0,0,0,0,0,1007392,2803,2215,14384,105890,119252,0,0,0
2016-05-23__bonirob_2016-05-23-10-47-22_2_frame209,1251936,1185644,828,424,0,0,1648,60362,0,0,0,839,0,2191,0,0,0,0,0,0,0,0,0,0,0,0,1185620,828,448,1648,60362,0,816,0,2214
2016-05-23__bonirob_2016-05-23-10-47-22_2_frame215,1251936,1145284,2451,585,0,0,1362,97767,0,0,0,957,0,3530,0,0,0,0,0,0,0,0,0,0,0,0,1145261,2451,608,1362,97767,0,915,0,3572
2016-05-23__bonirob_2016-05-23-10-47-22_2_frame218,1251936,1116842,2937,1073,0,0,1223,125838,0,0,0,653,0,3370,0,0,0,0,0,0,0,0,0,0,0,0,1116748,2937,1167,1223,125838,0,593,0,3430
2016-05-23__bonirob_2016-05-23-10-47-22_2_frame220,1251936,1102832,3069,432,0,0,763,143182,0,0,0,215,0,1443,0,0,0,0,0,0,0,0,0,0,0,0,1102815,3069,449,763,143182,0,209,0,1449
2016-05-23__bonirob_2016-05-23-10-47-22_2_frame221,1251936,1168085,1008,190,0,0,1720,78483,0,0,0,519,0,1931,0,0,0,0,0,0,0,0,0,0,0,0,1168075,1008,200,1720,78483,0,498,0,1952
2016-05-23__bonirob_2016-05-23-10-47-22_2_frame231,1251936,1144798,2044,394,0,0,1360,102933,0,0,0,120,0,287,0,0,0,0,0,0,0,0,0,0,0,0,1144786,2044,406,1360,102933,0,109,0,298
2016-05-23__bonirob_2016-05-23-10-47-22_2_frame236,1251936,1211736,363,158,0,0,2016,34586,0,0,0,0,0,0,0,0,0,0,0,0,0,861,110,2094,0,12,1211658,363,236,2016,34586,0,720,99,2258
2016-05-23__bonirob_2016-05-23-10-47-22_2_frame238,1251936,1184578,967,204,0,0,1988,61568,0,0,0,643,0,1988,0,0,0,0,0,0,0,0,0,0,0,0,1184566,967,216,1988,61568,0,639,0,1992
2016-05-23__bonirob_2016-05-23-10-47-22_2_frame239,1251936,1154680,1533,299,0,0,1306,92303,0,0,0,420,0,1395,0,0,0,0,0,0,0,0,0,0,0,0,1154659,1533,320,1306,92303,0,418,0,1397
2016-05-23__bonirob_2016-05-23-10-47-22_2_frame244,1251936,1151778,2073,399,0,0,1128,94402,0,0,0,508,0,1648,0,0,0,0,0,0,0,0,0,0,0,0,1151756,2073,421,1128,94402,0,491,0,1665
2016-05-23__bonirob_2016-05-23-10-47-22_2_frame248,1251936,1165418,1658,135,0,0,1740,82776,0,0,0,36,0,173,0,0,0,0,0,0,0,0,0,0,0,0,1165411,1658,142,1740,82776,0,35,0,174
2016-05-23__bonirob_2016-05-23-10-47-22_2_frame254,1251936,1220388,192,269,0,0,2334,26404,0,0,0,510,0,1839,0,0,0,0,0,0,0,0,0,0,0,0,1220376,192,281,2334,26404,0,499,0,1850
2016-05-23__bonirob_2016-05-23-10-47-22_2_frame256,1251936,1138546,1750,68,0,0,2239,108161,0,0,0,380,0,792,0,0,0,0,0,0,0,0,0,0,0,0,1138541,1750,73,2239,108161,0,362,0,810
2016-05-23__bonirob_2016-05-23-10-47-22_2_frame259,1251936,1176191,760,286,2,0,1693,67769,0,0,0,0,0,0,0,0,0,0,0,0,0,1134,0,4073,2,26,1176005,760,474,1693,67769,0,785,0,4450
2016-05-23__bonirob_2016-05-23-10-47-22_2_frame268,1251936,1122001,2663,72,0,1025,1580,117868,0,0,0,0,0,0,0,0,0,0,0,0,0,1542,0,12,0,5173,1121679,2663,1419,1580,117868,0,1194,0,5533
2016-05-23__bonirob_2016-05-23-10-47-22_2_frame269,1251936,1044016,9140,0,1,6659,342,137768,0,0,0,0,0,0,0,0,0,0,0,0,0,8631,0,0,7,45372,1042843,9140,7833,342,137768,0,8123,0,45887
2016-05-23__bonirob_2016-05-23-10-47-22_2_frame285,1251936,1091826,3127,161,0,0,1753,154315,0,0,0,186,0,568,0,0,0,0,0,0,0,0,0,0,0,0,1091812,3127,175,1753,154315,0,184,0,570
2016-05-23__bonirob_2016-05-23-10-47-22_2_frame289,1251936,1147207,2010,243,0,0,1644,98925,0,0,0,0,0,0,0,0,0,0,0,0,0,462,0,1445,0,0,1147203,2010,247,1644,98925,0,444,0,1463
2016-05-23__bonirob_2016-05-23-10-47-22_2_frame297,1251936,1108013,2912,1,53,2135,855,129907,0,0,0,0,0,0,0,0,0,0,0,0,0,1207,357,56,130,6310,1107336,2912,2866,855,129907,0,697,357,7006
2016-05-23__bonirob_2016-05-23-10-47-22_2_frame300,1251936,1052229,6145,418,0,0,699,191050,0,0,0,218,0,1177,0,0,0,0,0,0,0,0,0,0,0,0,1052215,6145,432,699,191050,0,206,0,1189
2016-05-23__bonirob_2016-05-23-10-47-22_2_frame304,1251936,1077352,4624,495,0,0,1252,165032,76,0,0,522,1394,1189,0,0,0,0,0,0,0,0,0,0,0,0,1077309,4620,542,1252,165024,84,507,1368,1230
2016-05-23__bonirob_2016-05-23-10-52-28_3_frame1,1251936,1139547,1873,290,0,0,3338,105150,0,0,0,513,0,1225,0,0,0,0,0,0,0,0,0,0,0,0,1139517,1873,320,3338,105150,0,490,0,1248
2016-05-23__bonirob_2016-05-23-10-52-28_3_frame6,1251936,1158180,1010,1,0,0,3828,88731,0,0,0,159,0,27,0,0,0,0,0,0,0,0,0,0,0,0,1158180,1010,1,3828,88731,0,159,0,27
2016-05-23__bonirob_2016-05-23-10-52-28_3_frame8,1251936,1201849,213,25,19,2,2145,43269,0,0,0,0,0,0,0,0,0,0,0,0,0,1425,0,2788,77,124,1201732,213,163,2145,43269,0,954,0,3460
2016-05-23__bonirob_2016-05-23-10-52-28_3_frame15,1251936,1084641,4818,0,0,255,993,152790,0,0,0,0,0,0,0,0,0,0,0,0,0,2557,368,435,0,5079,1084336,4818,560,993,152790,0,1969,327,6143
2016-05-23__bonirob_2016-05-23-10-52-28_3_frame19,1251936,1118135,3162,1092,0,28,2151,115475,1873,0,0,0,0,0,0,0,0,0,0,0,0,1860,0,8103,4,53,1117300,3162,1955,2047,115413,2039,1289,0,8731
2016-05-23__bonirob_2016-05-23-10-52-28_3_frame26,1251936,1091989,3478,1,0,1190,597,146812,0,0,0,0,0,0,0,0,0,0,0,0,0,1003,0,2,0,6864,1091552,3478,1628,597,146812,0,792,0,7077
2016-05-23__bonirob_2016-05-23-10-52-28_3_frame29,1251936,1093592,3807,29,53,983,1166,142891,0,0,0,0,0,0,0,0,0,0,0,0,0,2002,0,72,80,7261,1092680,3807,1977,1166,142891,0,1309,0,8106
2016-05-23__bonirob_2016-05-23-10-52-28_3_frame32,1251936,1152597,1812,148,0,0,1769,94446,0,0,0,488,0,676,0,0,0,0,0,0,0,0,0,0,0,0,1152587,1812,158,1769,94446,0,477,0,687
2016-05-23__bonirob_2016-05-23-10-52-28_3_frame34,1251936,1199379,173,41,3,1290,709,18800,16,0,0,0,0,0,0,0,0,0,0,0,0,9629,0,2819,66,19011,1198149,171,2566,707,18792,26,7077,0,24448
2016-05-23__bonirob_2016-05-23-10-52-28_3_frame36,1251936,1152934,1459,3,0,2461,829,60249,0,0,0,0,0,0,0,0,0,0,0,0,0,5704,0,125,6,28166,1152164,1459,3234,829,60249,0,4813,0,29188
2016-05-23__bonirob_2016-05-23-10-52-28_3_frame48,1251936,1148034,1836,30,0,1148,0,0,0,0,0,0,0,0,0,0,0,0,0,0,0,3499,80696,292,0,16401,1147272,1836,1940,0,0,0,2859,80696,17333
2016-05-23__bonirob_2016-05-23-10-52-28_3_frame65,1251936,1171447,1415,303,0,0,1698,71661,0,0,0,0,0,0,0,0,0,0,0,0,0,1420,1095,2897,0,0,1171417,1415,333,1698,71661,0,1362,1088,2962
2016-05-23__bonirob_2016-05-23-10-52-28_3_frame67,1251936,1230581,306,180,0,6,720,12967,0,0,0,0,0,0,0,0,0,0,0,0,0,3056,606,3466,0,48,1230419,306,348,720,12967,0,2537,140,4499
2016-05-23__bonirob_2016-05-23-10-52-28_3_frame73,1251936,1235665,335,209,0,239,309,5800,0,0,0,0,0,0,0,0,0,0,0,0,0,3685,0,3261,3,2430,1235019,335,1094,309,5800,0,2638,0,6741
2016-05-23__bonirob_2016-05-23-10-52-28_3_frame83,1251936,1183268,788,23,129,1567,941,39584,0,0,0,0,0,0,0,0,0,0,0,0,0,10334,0,413,731,14158,1181985,788,3002,941,39584,0,7677,0,17959
2016-05-23__bonirob_2016-05-23-10-52-28_3_frame85,1251936,1218503,476,1190,0,0,524,17841,0,0,0,0,0,0,0,0,0,0,0,0,0,3974,0,9428,0,0,1218450,476,1243,524,17841,0,3875,0,9527
2016-05-23__bonirob_2016-05-23-10-52-28_3_frame89,1251936,1064978,2456,360,226,12428,0,0,0,0,0,0,0,0,0,0,0,0,0,0,0,9333,64983,2433,745,93994,1059741,2435,18272,0,0,0,6211,64976,100301
2016-05-23__bonirob_2016-05-23-10-52-28_3_frame96,1251936,1041923,2460,1249,412,12645,395,44489,0,0,0,0,0,0,0,0,0,0,0,0,0,13324,0,7231,1166,126642,1034379,2442,21868,395,44489,0,8744,0,139619
2016-05-23__bonirob_2016-05-23-10-52-28_3_frame101,1251936,680571,3634,97580,0,0,0,0,0,0,0,2072,31930,436149,0,0,0,0,0,0,0,0,0,0,0,0,679611,3590,98584,0,0,0,2014,31858,436279
2016-05-23__bonirob_2016-05-23-10-52-28_3_frame103,1251936,931740,73,60715,0,0,80,0,1141,0,0,5766,1795,250626,0,0,0,0,0,0,0,0,0,0,0,0,930467,41,62020,73,0,1148,5490,1259,251438
2016-05-23__bonirob_2016-05-23-10-52-28_3_frame105,1251936,1081436,1697,19965,0,7,968,18518,1298,0,0,20654,1,107357,0,35,0,0,0,0,0,0,0,0,0,0,1077800,1650,23655,905,18364,1515,17089,0,110958
2016-05-23__bonirob_2016-05-23-10-52-28_3_frame119,1251936,1154438,1399,11087,0,0,382,26846,0,0,0,7155,0,50629,0,0,0,0,0,0,0,0,0,0,0,0,1154244,1399,11281,382,26846,0,7047,0,50737
2016-05-23__bonirob_2016-05-23-10-52-28_3_frame120,1251936,1172112,1080,7472,0,0,1138,32926,174,0,0,6805,0,30229,0,0,0,0,0,0,0,0,0,0,0,0,1172023,1080,7561,1128,32922,188,6743,0,30291
2016-05-23__bonirob_2016-05-23-10-52-28_3_frame123,1251936,1174643,641,10076,0,0,510,8258,0,0,0,8869,26,48913,0,0,0,0,0,0,0,0,0,0,0,0,1174584,641,10135,510,8258,0,8794,26,48988
2016-05-23__bonirob_2016-05-23-10-52-28_3_frame124,1251936,1133744,3050,9746,0,0,1083,49911,3073,0,0,5878,2325,43126,0,0,0,0,0,0,0,0,0,0,0,0,1133290,2951,10299,1048,49562,3457,5707,2113,43509
2016-05-23__bonirob_2016-05-23-10-52-28_3_frame126,1251936,1138669,947,11162,0,0,394,16614,42,0,0,12789,4691,66628,0,0,0,0,0,0,0,0,0,0,0,0,1137851,931,11996,394,16609,47,12083,4065,67960
2016-05-23__bonirob_2016-05-23-10-52-28_3_frame129,1251936,1181155,1165,2501,0,0,765,23038,0,0,0,10962,3605,28745,0,0,0,0,0,0,0,0,0,0,0,0,1180208,1150,3463,763,23031,9,9684,3385,30243
2016-05-23__bonirob_2016-05-23-10-52-28_3_frame134,1251936,1143992,881,17202,0,0,917,13331,3527,0,0,20252,1707,50127,0,0,0,0,0,0,0,0,0,0,0,0,1143895,876,17304,903,13315,3557,20151,1671,50264
2016-05-23__bonirob_2016-05-23-10-52-28_3_frame138,1251936,1195543,1806,2830,0,0,1545,34592,2439,0,0,4572,1,8608,0,0,0,0,0,0,0,0,0,0,0,0,1195463,1804,2912,1541,34445,2590,4536,0,8645
2016-05-23__bonirob_2016-05-23-10-52-28_3_frame142,1251936,1187240,2554,3854,0,43,594,41982,0,0,0,7836,0,7806,0,27,0,0,0,0,0,0,0,0,0,0,1186064,2554,5073,594,41982,0,6745,0,8924
2016-05-23__bonirob_2016-05-23-10-52-28_3_frame145,1251936,1094657,1259,30797,0,0,0,0,0,0,0,22638,13673,88912,0,0,0,0,0,0,0,0,0,0,0,0,1094342,1228,31143,0,0,0,22468,13555,89200
2016-05-23__bonirob_2016-05-23-10-52-28_3_frame150,1251936,1214268,398,4530,0,0,1032,6897,1679,0,0,3632,0,19500,0,0,0,0,0,0,0,0,0,0,0,0,1214237,397,4562,1020,6856,1732,3601,0,19531
2016-05-23__bonirob_2016-05-23-10-52-28_3_frame171,1251936,1140856,572,4655,0,0,902,15882,2111,0,0,13369,1905,71684,0,0,0,0,0,0,0,0,0,0,0,0,1140727,564,4792,857,15757,2281,13239,1902,71817
2016-05-23__bonirob_2016-05-23-10-52-28_3_frame175,1251936,1143550,632,6140,0,0,331,1570,767,0,0,18708,17519,62719,0,0,0,0,0,0,0,0,0,0,0,0,1143052,612,6658,312,1556,800,18102,17262,63582
2016-05-23__bonirob_2016-05-23-10-52-28_3_frame254,1251936,1215045,133,1384,0,0,513,3806,20,0,0,4639,3152,23244,0,0,0,0,0,0,0,0,0,0,0,0,1215019,132,1411,512,3800,27,4602,3084,23349
2016-05-23__bonirob_2016-05-23-10-52-28_3_frame257,1251936,1234595,275,215,0,0,704,9125,0,0,0,3615,1798,1609,0,0,0,0,0,0,0,0,0,0,0,0,1234584,275,226,704,9125,0,3544,1798,1680
2016-05-23__bonirob_2016-05-23-10-52-28_3_frame263,1251936,1207522,740,1441,0,0,758,23191,0,0,0,5760,0,12491,0,33,0,0,0,0,0,0,0,0,0,0,1206627,734,2342,758,23191,0,4068,0,14216
2016-05-23__bonirob_2016-05-23-10-52-28_3_frame279,1251936,1167969,1626,1681,0,0,1167,62298,0,0,0,3230,0,13965,0,0,0,0,0,0,0,0,0,0,0,0,1167943,1626,1707,1167,62298,0,3170,0,14025
2016-05-23__bonirob_2016-05-23-10-52-28_3_frame283,1251936,1223600,651,458,0,26,989,17786,0,0,0,3691,0,4336,0,399,0,0,0,0,0,0,0,0,0,0,1223119,651,965,989,17786,0,2984,0,5442
2016-05-23__bonirob_2016-05-23-10-52-28_3_frame285,1251936,1220771,572,718,0,0,919,11951,0,0,0,5649,0,11356,0,0,0,0,0,0,0,0,0,0,0,0,1220358,572,1131,919,11951,0,4622,0,12383
2016-05-23__bonirob_2016-05-23-10-52-28_3_frame289,1251936,1232456,575,329,0,0,1397,10223,861,0,0,3938,0,2157,0,0,0,0,0,0,0,0,0,0,0,0,1232450,575,335,1391,10173,917,3920,0,2175
2016-05-23__bonirob_2016-05-23-10-52-28_3_frame292,1251936,1241248,102,193,0,0,391,4277,0,0,0,3707,0,2018,0,0,0,0,0,0,0,0,0,0,0,0,1241241,102,200,391,4277,0,3694,0,2031
2016-05-23__bonirob_2016-05-23-10-57-33_4_frame4,1251936,1201954,2654,557,0,0,712,43805,446,0,0,290,121,1397,0,0,0,0,0,0,0,0,0,0,0,0,1201928,2653,584,708,43796,459,281,109,1418
2016-05-23__bonirob_2016-05-23-10-57-33_4_frame6,1251936,1224951,1001,1521,0,0,527,14286,894,0,0,1585,8,7163,0,0,0,0,0,0,0,0,0,0,0,0,1224908,1000,1565,526,14212,969,1545,7,7204
2016-05-23__bonirob_2016-05-23-10-57-33_4_frame7,1251936,1208562,1657,860,0,0,394,29334,681,0,0,1779,5585,3084,0,0,0,0,0,0,0,0,0,0,0,0,1208536,1626,917,384,29257,768,1721,5557,3170
2016-05-23__bonirob_2016-05-23-10-57-33_4_frame11,1251936,1211955,2199,1228,0,0,494,31285,0,0,0,1757,0,3018,0,0,0,0,0,0,0,0,0,0,0,0,1211946,2199,1237,494,31285,0,1739,0,3036
2016-05-23__bonirob_2016-05-23-10-57-33_4_frame25,1251936,1187772,817,2237,0,0,829,28805,206,0,0,4020,2,27248,0,0,0,0,0,0,0,0,0,0,0,0,1187755,817,2254,825,28788,227,3978,0,27292
2016-05-23__bonirob_2016-05-23-10-57-33_4_frame26,1251936,1212764,764,963,0,0,1480,23997,175,0,0,3329,11,8453,0,0,0,0,0,0,0,0,0,0,0,0,1212730,763,998,1479,23978,195,3303,3,8487
2016-05-23__bonirob_2016-05-23-10-57-33_4_frame28,1251936,1199077,413,2359,0,0,969,18011,262,0,0,3945,0,26900,0,0,0,0,0,0,0,0,0,0,0,0,1199065,412,2372,967,18001,274,3929,0,26916
2016-05-23__bonirob_2016-05-23-10-57-33_4_frame30,1251936,1202130,937,1771,0,0,1155,30651,0,0,0,3918,0,11374,0,0,0,0,0,0,0,0,0,0,0,0,1201803,937,2098,1155,30651,0,3569,0,11723
2016-05-23__bonirob_2016-05-23-10-57-33_4_frame31,1251936,1226483,280,1477,0,0,450,6645,127,0,0,5055,0,11419,0,0,0,0,0,0,0,0,0,0,0,0,1226427,280,1533,450,6639,133,4946,0,11528
2016-05-23__bonirob_2016-05-23-10-57-33_4_frame38,1251936,1215423,356,426,0,0,1318,27532,0,0,0,1926,0,4955,0,0,0,0,0,0,0,0,0,0,0,0,1215414,356,435,1318,27532,0,1918,0,4963
2016-05-23__bonirob_2016-05-23-10-57-33_4_frame39,1251936,1206612,814,495,0,0,1246,36213,0,0,0,2179,0,4377,0,0,0,0,0,0,0,0,0,0,0,0,1206602,814,505,1246,36213,0,2168,0,4388
2016-05-23__bonirob_2016-05-23-10-57-33_4_frame57,1251936,1232222,120,283,0,7,868,8045,0,0,0,4156,0,5759,0,476,0,0,0,0,0,0,0,0,0,0,1231956,120,556,868,8045,0,3155,0,7236
2016-05-23__bonirob_2016-05-23-10-57-33_4_frame59,1251936,1196899,805,488,0,0,1554,45317,0,0,0,1553,1703,3617,0,0,0,0,0,0,0,0,0,0,0,0,1196762,798,632,1554,45317,0,1340,1598,3935
2016-05-23__bonirob_2016-05-23-10-57-33_4_frame64,1251936,1122246,2080,473,1,3095,208,32812,0,0,0,9798,38788,16211,42,26182,0,0,0,0,0,0,0,0,0,0,1119521,2011,6363,208,32812,0,6068,35787,49166
2016-05-23__bonirob_2016-05-23-10-57-33_4_frame66,1251936,1159647,1075,3195,0,0,458,37628,30,0,0,3805,0,46098,0,0,0,0,0,0,0,0,0,0,0,0,1159433,1075,3409,457,37618,41,3582,0,46321
2016-05-23__bonirob_2016-05-23-10-57-33_4_frame71,1251936,1185897,1376,383,6,324,1093,56908,0,0,0,2939,0,2611,12,387,0,0,0,0,0,0,0,0,0,0,1185143,1376,1467,1093,56908,0,2095,0,3854
2016-05-23__bonirob_2016-05-23-10-57-33_4_frame72,1251936,1189877,1004,354,0,544,1349,41492,0,0,0,7017,0,3980,0,6319,0,0,0,0,0,0,0,0,0,0,1188859,1004,1916,1349,41492,0,5205,0,12111
2016-05-23__bonirob_2016-05-23-10-57-33_4_frame74,1251936,1146789,753,2635,0,421,0,0,0,0,0,14306,27413,52933,0,6686,0,0,0,0,0,0,0,0,0,0,1144333,712,5553,0,0,0,10210,26217,64911
2016-05-23__bonirob_2016-05-23-10-57-33_4_frame75,1251936,1136137,1860,2451,0,0,358,29489,1,0,0,3464,25509,52667,0,0,0,0,0,0,0,0,0,0,0,0,1135951,1848,2649,355,29476,17,3156,24978,53506
2016-05-23__bonirob_2016-05-23-10-57-33_4_frame78,1251936,1203094,680,340,0,0,1625,40726,0,0,0,1229,0,4242,0,0,0,0,0,0,0,0,0,0,0,0,1203082,680,352,1625,40726,0,1205,0,4266
2016-05-23__bonirob_2016-05-23-10-57-33_4_frame85,1251936,1178810,784,216,0,0,2912,65550,2386,0,0,373,0,905,0,0,0,0,0,0,0,0,0,0,0,0,1178742,783,285,2888,65513,2447,324,0,954
2016-05-23__bonirob_2016-05-23-10-57-33_4_frame90,1251936,1172767,1081,143,0,0,2596,73224,77,0,0,773,0,1275,0,0,0,0,0,0,0,0,0,0,0,0,1172757,1081,153,2596,73224,77,756,0,1292
2016-05-23__bonirob_2016-05-23-10-57-33_4_frame91,1251936,1149385,1938,44,0,0,1714,98090,0,0,0,305,0,460,0,0,0,0,0,0,0,0,0,0,0,0,1149382,1938,47,1714,98090,0,302,0,463
2016-05-23__bonirob_2016-05-23-10-57-33_4_frame94,1251936,1198428,391,43,0,0,2077,50997,0,0,0,0,0,0,0,0,0,0,0,0,0,0,0,0,0,0,1198420,391,51,2077,50997,0,0,0,0
2016-05-23__bonirob_2016-05-23-10-57-33_4_frame95,1251936,1156949,1600,159,0,0,1596,91304,0,0,0,72,0,256,0,0,0,0,0,0,0,0,0,0,0,0,1156943,1600,165,1596,91304,0,70,0,258
2016-05-23__bonirob_2016-05-23-10-57-33_4_frame96,1251936,1120650,1999,172,0,0,1027,127316,0,0,0,283,0,489,0,0,0,0,0,0,0,0,0,0,0,0,1120646,1999,176,1027,127316,0,277,0,495
2016-05-23__bonirob_2016-05-23-10-57-33_4_frame101,1251936,1225465,309,96,0,0,1334,22617,0,0,0,962,0,1153,0,0,0,0,0,0,0,0,0,0,0,0,1225456,309,105,1334,22616,1,949,0,1166
2016-05-23__bonirob_2016-05-23-10-57-33_4_frame115,1251936,1181994,419,144,0,0,1619,65402,0,0,0,837,0,1521,0,0,0,0,0,0,0,0,0,0,0,0,1181982,419,156,1619,65402,0,812,0,1546
2016-05-23__bonirob_2016-05-23-10-57-33_4_frame116,1251936,1206723,553,288,0,0,1238,34346,0,0,0,2144,0,6644,0,0,0,0,0,0,0,0,0,0,0,0,1206586,553,425,1238,34346,0,1764,0,7024
2016-05-23__bonirob_2016-05-23-10-57-33_4_frame126,1251936,1109858,2782,519,0,0,1032,131823,0,0,0,1019,1041,3862,0,0,0,0,0,0,0,0,0,0,0,0,1109842,2782,535,1032,131823,0,989,1032,3901
2016-05-23__bonirob_2016-05-23-10-57-33_4_frame135,1251936,1230941,118,40,0,0,2214,18107,0,0,0,371,0,145,0,0,0,0,0,0,0,0,0,0,0,0,1230937,118,44,2214,18107,0,367,0,149
2016-05-23__bonirob_2016-05-23-10-57-33_4_frame139,1251936,1184310,931,136,0,0,2036,62432,0,0,0,563,330,1198,0,0,0,0,0,0,0,0,0,0,0,0,1184307,931,139,2036,62432,0,553,330,1208
2016-05-23__bonirob_2016-05-23-10-57-33_4_frame140,1251936,1166567,1511,132,0,0,2181,80035,0,0,0,432,0,1078,0,0,0,0,0,0,0,0,0,0,0,0,1166557,1511,142,2181,80035,0,416,0,1094
2016-05-23__bonirob_2016-05-23-10-57-33_4_frame141,1251936,1195353,739,142,0,0,2204,50446,0,0,0,1219,0,1833,0,0,0,0,0,0,0,0,0,0,0,0,1195344,739,151,2204,50446,0,1195,0,1857
2016-05-23__bonirob_2016-05-23-10-57-33_4_frame148,1251936,1224180,218,116,0,0,1869,22416,0,0,0,1346,0,1791,0,0,0,0,0,0,0,0,0,0,0,0,1224175,218,121,1869,22416,0,1332,0,1805
2016-05-23__bonirob_2016-05-23-10-57-33_4_frame150,1251936,1170531,1046,21,0,0,1676,78471,0,0,0,99,0,92,0,0,0,0,0,0,0,0,0,0,0,0,1170531,1046,21,1676,78471,0,96,0,95
2016-05-23__bonirob_2016-05-23-10-57-33_4_frame168,1251936,1223192,237,120,0,0,1818,23391,1086,0,0,962,0,1130,0,0,0,0,0,0,0,0,0,0,0,0,1223190,237,122,1815,23383,1097,959,0,1133
2016-05-23__bonirob_2016-05-23-10-57-33_4_frame175,1251936,1229048,274,30,0,0,1437,19564,0,0,0,541,0,1042,0,0,0,0,0,0,0,0,0,0,0,0,1229047,274,31,1437,19564,0,533,0,1050
2016-05-23__bonirob_2016-05-23-10-57-33_4_frame179,1251936,1229123,252,296,0,0,1330,18590,0,0,0,1179,0,1166,0,0,0,0,0,0,0,0,0,0,0,0,1229112,252,307,1330,18590,0,1168,0,1177
2016-05-23__bonirob_2016-05-23-10-57-33_4_frame183,1251936,1213300,602,232,0,0,1666,31766,0,0,0,1291,36,3043,0,0,0,0,0,0,0,0,0,0,0,0,1213292,602,240,1666,31766,0,1259,33,3078
2016-05-23__bonirob_2016-05-23-10-57-33_4_frame189,1251936,1213506,499,279,0,0,1633,30185,0,0,0,2457,0,3377,0,0,0,0,0,0,0,0,0,0,0,0,1213502,499,283,1633,30185,0,2441,0,3393
2016-05-23__bonirob_2016-05-23-10-57-33_4_frame198,1251936,1233731,129,156,0,0,1812,13687,0,0,0,830,132,1459,0,0,0,0,0,0,0,0,0,0,0,0,1233726,129,161,1812,13687,0,818,119,1484
2016-05-23__bonirob_2016-05-23-10-57-33_4_frame203,1251936,1209976,379,144,0,0,1921,38213,0,0,0,503,0,800,0,0,0,0,0,0,0,0,0,0,0,0,1209976,379,144,1921,38213,0,501,0,802
2016-05-23__bonirob_2016-05-23-10-57-33_4_frame211,1251936,1207837,408,82,0,0,2162,40148,0,0,0,343,0,956,0,0,0,0,0,0,0,0,0,0,0,0,1207831,408,88,2162,40148,0,340,0,959
2016-05-23__bonirob_2016-05-23-10-57-33_4_frame218,1251936,1204753,545,144,0,0,2383,39074,1786,0,0,924,0,2327,0,0,0,0,0,0,0,0,0,0,0,0,1204738,544,160,2374,39049,1820,899,0,2352
2016-05-23__bonirob_2016-05-23-10-57-33_4_frame220,1251936,1230758,134,412,0,0,1306,14362,0,0,0,1860,0,3104,0,0,0,0,0,0,0,0,0,0,0,0,1230663,134,507,1306,14362,0,1696,0,3268
2016-05-23__bonirob_2016-05-23-10-57-33_4_frame225,1251936,1198636,508,65,0,0,2230,49711,0,0,0,484,0,302,0,0,0,0,0,0,0,0,0,0,0,0,1198636,508,65,2230,49711,0,481,0,305
2016-05-23__bonirob_2016-05-23-10-57-33_4_frame231,1251936,1156429,1646,211,0,0,1405,89080,0,0,0,804,0,2361,0,0,0,0,0,0,0,0,0,0,0,0,1156422,1646,218,1405,89080,0,789,0,2376
2016-05-23__bonirob_2016-05-23-10-57-33_4_frame248,1251936,1142762,1911,299,0,0,1729,103947,57,0,0,256,0,975,0,0,0,0,0,0,0,0,0,0,0,0,1142736,1890,346,1721,103890,122,239,0,992
2016-05-23__bonirob_2016-05-23-10-57-33_4_frame253,1251936,1136792,2656,578,0,0,1869,107891,0,0,0,634,14,1502,0,0,0,0,0,0,0,0,0,0,0,0,1136759,2656,611,1869,107891,0,619,12,1519
2016-05-23__bonirob_2016-05-23-10-57-33_4_frame254,1251936,1140263,1661,262,0,0,1574,106406,0,0,0,657,0,1113,0,0,0,0,0,0,0,0,0,0,0,0,1140258,1661,267,1574,106406,0,644,0,1126
2016-05-23__bonirob_2016-05-23-10-57-33_4_frame259,1251936,1127017,2462,398,0,0,1118,118532,0,0,0,790,0,1619,0,0,0,0,0,0,0,0,0,0,0,0,1126997,2462,418,1118,118532,0,781,0,1628
2016-05-23__bonirob_2016-05-23-10-57-33_4_frame264,1251936,1178394,772,180,0,0,1877,69547,0,0,0,278,0,888,0,0,0,0,0,0,0,0,0,0,0,0,1178387,772,187,1877,69547,0,268,0,898
2016-05-23__bonirob_2016-05-23-10-57-33_4_frame270,1251936,1227839,75,100,0,0,1615,18487,737,0,0,1234,0,1849,0,0,0,0,0,0,0,0,0,0,0,0,1227835,75,104,1609,18474,756,1199,0,1884
2016-05-23__bonirob_2016-05-23-10-57-33_4_frame273,1251936,1171287,1431,206,0,0,1042,75165,1140,0,0,429,0,1236,0,0,0,0,0,0,0,0,0,0,0,0,1171280,1431,213,1039,75165,1143,419,0,1246
2016-05-23__bonirob_2016-05-23-10-57-33_4_frame278,1251936,1190278,536,327,0,0,1229,57953,0,0,0,802,0,811,0,0,0,0,0,0,0,0,0,0,0,0,1190053,536,552,1229,57953,0,707,0,906
2016-05-23__bonirob_2016-05-23-10-57-33_4_frame279,1251936,1197218,601,167,0,147,1296,49580,0,0,0,1056,330,1273,0,268,0,0,0,0,0,0,0,0,0,0,1196998,591,544,1296,49580,0,666,217,2044
2016-05-23__bonirob_2016-05-23-10-57-33_4_frame283,1251936,1211198,386,166,0,0,2495,35758,0,0,0,508,0,1425,0,0,0,0,0,0,0,0,0,0,0,0,1211194,386,170,2495,35758,0,501,0,1432
2016-05-23__bonirob_2016-05-23-10-57-33_4_frame303,1251936,1226121,192,47,0,0,1638,23118,0,0,0,462,0,358,0,0,0,0,0,0,0,0,0,0,0,0,1226113,192,55,1638,23118,0,449,0,371
2016-05-23__bonirob_2016-05-23-11-02-39_5_frame9,1251936,1207693,231,98,0,0,1948,40996,0,0,0,347,0,623,0,0,0,0,0,0,0,0,0,0,0,0,1207691,231,100,1948,40996,0,342,0,628
2016-05-23__bonirob_2016-05-23-11-02-39_5_frame15,1251936,1218499,91,95,0,0,1473,29579,0,0,0,580,0,1619,0,0,0,0,0,0,0,0,0,0,0,0,1218496,91,98,1473,29579,0,566,0,1633
2016-05-23__bonirob_2016-05-23-11-02-39_5_frame20,1251936,1245820,26,17,0,0,653,3706,0,0,0,1027,42,645,0,0,0,0,0,0,0,0,0,0,0,0,1245820,26,17,653,3706,0,1018,30,666
2016-05-23__bonirob_2016-05-23-11-02-39_5_frame29,1251936,1212366,375,216,0,0,1614,35379,0,0,0,499,0,1487,0,0,0,0,0,0,0,0,0,0,0,0,1212350,375,232,1614,35379,0,483,0,1503
2016-05-23__bonirob_2016-05-23-11-02-39_5_frame30,1251936,1207818,458,26,0,0,2172,41075,0,0,0,166,0,221,0,0,0,0,0,0,0,0,0,0,0,0,1207817,458,27,2172,41075,0,158,0,229
2016-05-23__bonirob_2016-05-23-11-02-39_5_frame31,1251936,1226048,249,30,0,0,1845,23396,0,0,0,134,0,234,0,0,0,0,0,0,0,0,0,0,0,0,1226047,249,31,1845,23396,0,132,0,236
2016-05-23__bonirob_2016-05-23-11-02-39_5_frame34,1251936,1117224,2836,67,0,0,917,130670,0,0,0,56,0,166,0,0,0,0,0,0,0,0,0,0,0,0,1117221,2836,70,917,130670,0,55,0,167
2016-05-23__bonirob_2016-05-23-11-02-39_5_frame37,1251936,1221406,413,70,0,0,2237,27055,2,0,0,245,0,508,0,0,0,0,0,0,0,0,0,0,0,0,1221404,413,72,2236,27055,3,243,0,510
2016-05-23__bonirob_2016-05-23-11-02-39_5_frame60,1251936,1216704,322,0,0,0,1659,33251,0,0,0,0,0,0,0,0,0,0,0,0,0,0,0,0,0,0,1216704,322,0,1659,33251,0,0,0,0
2016-05-23__bonirob_2016-05-23-11-02-39_5_frame62,1251936,1200627,543,88,0,0,1879,48155,0,0,0,119,0,525,0,0,0,0,0,0,0,0,0,0,0,0,1200622,543,93,1879,48155,0,113,0,531
2016-05-23__bonirob_2016-05-23-11-02-39_5_frame69,1251936,1192823,444,64,0,0,2696,54824,0,0,0,239,0,846,0,0,0,0,0,0,0,0,0,0,0,0,1192819,444,68,2696,54824,0,230,0,855
2016-05-23__bonirob_2016-05-23-11-02-39_5_frame80,1251936,1193542,444,180,0,6,1606,46778,0,0,0,1710,311,7056,0,303,0,0,0,0,0,0,0,0,0,0,1193336,444,392,1606,46778,0,1164,246,7970
2016-05-23__bonirob_2016-05-23-11-02-39_5_frame84,1251936,1201325,502,62,0,0,1483,47874,0,0,0,331,0,359,0,0,0,0,0,0,0,0,0,0,0,0,1201324,502,63,1483,47874,0,326,0,364
2016-05-23__bonirob_2016-05-23-11-02-39_5_frame89,1251936,1233506,122,27,0,0,1455,14748,0,0,0,810,0,1268,0,0,0,0,0,0,0,0,0,0,0,0,1233506,122,27,1455,14748,0,794,0,1284
2016-05-23__bonirob_2016-05-23-11-02-39_5_frame90,1251936,1220953,295,165,0,0,1919,26181,0,0,0,644,0,1779,0,0,0,0,0,0,0,0,0,0,0,0,1220944,295,174,1919,26181,0,634,0,1789
2016-05-23__bonirob_2016-05-23-11-02-39_5_frame93,1251936,1219274,201,0,0,0,1760,30255,0,0,0,403,0,43,0,0,0,0,0,0,0,0,0,0,0,0,1219274,201,0,1760,30255,0,403,0,43
2016-05-23__bonirob_2016-05-23-11-02-39_5_frame105,1251936,1217946,229,65,0,0,1917,29313,0,0,0,739,0,1727,0,0,0,0,0,0,0,0,0,0,0,0,1217936,229,75,1917,29313,0,726,0,1740
2016-05-23__bonirob_2016-05-23-11-02-39_5_frame108,1251936,1237668,76,16,0,0,1152,12074,0,0,0,482,0,468,0,0,0,0,0,0,0,0,0,0,0,0,1237666,76,18,1152,12074,0,476,0,474
2016-05-23__bonirob_2016-05-23-11-02-39_5_frame112,1251936,1205891,355,119,0,0,1973,41876,0,0,0,647,0,1075,0,0,0,0,0,0,0,0,0,0,0,0,1205887,355,123,1973,41876,0,638,0,1084
2016-05-23__bonirob_2016-05-23-11-02-39_5_frame116,1251936,1197796,534,47,0,0,1582,49672,0,0,0,678,0,1627,0,0,0,0,0,0,0,0,0,0,0,0,1197796,534,47,1582,49672,0,673,0,1632
2016-05-23__bonirob_2016-05-23-11-02-39_5_frame117,1251936,1210902,174,101,0,0,2133,37161,0,0,0,321,0,1144,0,0,0,0,0,0,0,0,0,0,0,0,1210893,174,110,2133,37161,0,310,0,1155
2016-05-23__bonirob_2016-05-23-11-02-39_5_frame131,1251936,1182463,1082,128,0,0,2460,64144,220,0,0,362,0,1077,0,0,0,0,0,0,0,0,0,0,0,0,1182460,1082,131,2455,64063,306,353,0,1086
2016-05-23__bonirob_2016-05-23-11-02-39_5_frame144,1251936,1222129,194,138,0,0,1593,24765,0,0,0,909,0,2208,0,0,0,0,0,0,0,0,0,0,0,0,1222123,194,144,1593,24765,0,896,0,2221
2016-05-23__bonirob_2016-05-23-11-02-39_5_frame149,1251936,1229125,68,276,0,0,664,9609,0,0,0,2141,1211,8842,0,0,0,0,0,0,0,0,0,0,0,0,1229073,64,332,664,9609,0,1979,818,9397
2016-05-23__bonirob_2016-05-23-11-02-39_5_frame155,1251936,1201246,364,101,0,0,2112,46904,0,0,0,502,0,707,0,0,0,0,0,0,0,0,0,0,0,0,1201242,364,105,2112,46904,0,491,0,718
2016-05-23__bonirob_2016-05-23-11-02-39_5_frame164,1251936,1234439,151,100,0,0,819,14113,0,0,0,835,17,1462,0,0,0,0,0,0,0,0,0,0,0,0,1234431,151,108,819,14113,0,812,3,1499
2016-05-23__bonirob_2016-05-23-11-02-39_5_frame169,1251936,1195258,319,295,0,0,1406,49410,0,0,0,941,0,4307,0,0,0,0,0,0,0,0,0,0,0,0,1195251,319,302,1406,49410,0,921,0,4327
2016-05-23__bonirob_2016-05-23-11-02-39_5_frame177,1251936,1199884,663,88,0,0,2245,45723,0,0,0,1117,0,2216,0,0,0,0,0,0,0,0,0,0,0,0,1199878,663,94,2245,45723,0,1104,0,2229
2016-05-23__bonirob_2016-05-23-11-02-39_5_frame184,1251936,1215267,424,66,0,0,1578,32287,0,0,0,871,48,1395,0,0,0,0,0,0,0,0,0,0,0,0,1215252,424,81,1578,32287,0,845,48,1421
2016-05-23__bonirob_2016-05-23-11-02-39_5_frame187,1251936,1210626,301,365,0,0,1470,28943,620,0,0,2715,0,6896,0,0,0,0,0,0,0,0,0,0,0,0,1210589,301,402,1462,28889,682,2637,0,6974
2016-05-23__bonirob_2016-05-23-11-02-39_5_frame189,1251936,1224321,87,546,0,0,1301,17228,0,0,0,2264,0,6189,0,0,0,0,0,0,0,0,0,0,0,0,1224313,87,554,1301,17228,0,2247,0,6206
2016-05-23__bonirob_2016-05-23-11-02-39_5_frame192,1251936,1227670,154,219,0,0,1386,18312,0,0,0,1242,0,2953,0,0,0,0,0,0,0,0,0,0,0,0,1227655,154,234,1386,18312,0,1202,0,2993
2016-05-23__bonirob_2016-05-23-11-02-39_5_frame193,1251936,1224730,212,325,0,0,1364,20948,0,0,0,1242,0,3115,0,0,0,0,0,0,0,0,0,0,0,0,1224726,212,329,1364,20948,0,1229,0,3128
2016-05-23__bonirob_2016-05-23-11-02-39_5_frame199,1251936,1199474,363,449,0,0,1372,39067,0,0,0,2006,1098,8107,0,0,0,0,0,0,0,0,0,0,0,0,1199462,363,461,1372,39067,0,1982,1098,8131
2016-05-23__bonirob_2016-05-23-11-02-39_5_frame202,1251936,1205712,476,528,0,0,2160,35453,1157,0,0,1616,0,4834,0,0,0,0,0,0,0,0,0,0,0,0,1205696,476,544,2140,35426,1204,1582,0,4868
2016-05-23__bonirob_2016-05-23-11-02-39_5_frame203,1251936,1240023,82,192,0,0,1034,5616,0,0,0,1783,0,3206,0,0,0,0,0,0,0,0,0,0,0,0,1240020,82,195,1034,5615,1,1772,0,3217
2016-05-23__bonirob_2016-05-23-11-02-39_5_frame204,1251936,1214774,174,820,0,0,1312,23606,0,0,0,2798,0,8452,0,0,0,0,0,0,0,0,0,0,0,0,1214747,174,847,1312,23606,0,2757,0,8493
2016-05-23__bonirob_2016-05-23-11-02-39_5_frame215,1251936,1188489,677,571,0,0,2063,55038,4,0,0,1765,0,3329,0,0,0,0,0,0,0,0,0,0,0,0,1188472,677,588,2062,55035,8,1749,0,3345
2016-05-23__bonirob_2016-05-23-11-02-39_5_frame216,1251936,1240593,60,95,0,0,667,5893,0,0,0,1517,0,3111,0,0,0,0,0,0,0,0,0,0,0,0,1240582,60,106,667,5893,0,1470,0,3158
2016-05-23__bonirob_2016-05-23-11-02-39_5_frame223,1251936,1216138,673,472,0,0,1921,30339,0,0,0,772,0,1621,0,0,0,0,0,0,0,0,0,0,0,0,1216136,673,474,1921,30339,0,768,0,1625
2016-05-23__bonirob_2016-05-23-11-02-39_5_frame233,1251936,1210131,896,560,0,0,1700,30881,0,0,0,1831,0,5937,0,0,0,0,0,0,0,0,0,0,0,0,1210090,896,601,1700,30881,0,1783,0,5985
2016-05-23__bonirob_2016-05-23-11-02-39_5_frame243,1251936,1230524,405,162,0,0,1023,16741,0,0,0,1297,0,1784,0,0,0,0,0,0,0,0,0,0,0,0,1230520,405,166,1023,16741,0,1289,0,1792
2016-05-23__bonirob_2016-05-23-11-02-39_5_frame246,1251936,1225705,633,148,0,0,776,22614,0,0,0,799,0,1261,0,0,0,0,0,0,0,0,0,0,0,0,1225699,633,154,776,22614,0,783,0,1277
2016-05-23__bonirob_2016-05-23-11-02-39_5_frame253,1251936,1230250,530,101,0,0,820,19761,0,0,0,149,0,325,0,0,0,0,0,0,0,0,0,0,0,0,1230248,530,103,820,19761,0,142,0,332
2016-05-23__bonirob_2016-05-23-11-02-39_5_frame254,1251936,1238341,229,125,0,0,748,9982,3,0,0,502,0,2006,0,0,0,0,0,0,0,0,0,0,0,0,1238333,229,133,748,9982,3,497,0,2011
2016-05-23__bonirob_2016-05-23-11-02-39_5_frame255,1251936,1242987,7,123,0,0,376,3765,0,0,0,1141,8,3529,0,0,0,0,0,0,0,0,0,0,0,0,1242977,7,133,376,3765,0,1127,7,3544
2016-05-23__bonirob_2016-05-23-11-02-39_5_frame257,1251936,1240111,123,62,0,0,709,9795,0,0,0,569,0,567,0,0,0,0,0,0,0,0,0,0,0,0,1240109,123,64,709,9795,0,566,0,570
2016-05-23__bonirob_2016-05-23-11-02-39_5_frame264,1251936,1211893,553,153,0,0,1769,34473,0,0,0,684,0,2411,0,0,0,0,0,0,0,0,0,0,0,0,1211886,553,160,1769,34473,0,660,0,2435
2016-05-23__bonirob_2016-05-23-11-02-39_5_frame265,1251936,1222389,318,402,0,0,1390,21240,0,0,0,2169,0,4028,0,0,0,0,0,0,0,0,0,0,0,0,1222353,318,438,1390,21240,0,2120,0,4077
2016-05-23__bonirob_2016-05-23-11-02-39_5_frame266,1251936,1194146,729,73,0,0,1530,54465,0,0,0,254,0,739,0,0,0,0,0,0,0,0,0,0,0,0,1194143,729,76,1530,54465,0,250,0,743
2016-05-23__bonirob_2016-05-23-11-02-39_5_frame271,1251936,1205662,506,172,0,0,1570,41818,0,0,0,708,0,1500,0,0,0,0,0,0,0,0,0,0,0,0,1205655,506,179,1570,41818,0,704,0,1504
2016-05-23__bonirob_2016-05-23-11-02-39_5_frame272,1251936,1161451,1695,145,0,0,1904,86337,0,0,0,121,0,283,0,0,0,0,0,0,0,0,0,0,0,0,1161449,1695,147,1904,86337,0,115,0,289
2016-05-23__bonirob_2016-05-23-11-02-39_5_frame273,1251936,1188407,1054,114,0,0,1172,60317,746,0,0,126,0,0,0,0,0,0,0,0,0,0,0,0,0,0,1188398,1054,123,1170,60317,748,126,0,0
2016-05-23__bonirob_2016-05-23-11-02-39_5_frame277,1251936,1200813,625,176,0,0,1888,44641,0,0,0,814,254,2725,0,0,0,0,0,0,0,0,0,0,0,0,1200808,625,181,1888,44641,0,806,254,2733
2016-05-23__bonirob_2016-05-23-11-02-39_5_frame278,1251936,1216065,340,211,0,0,2052,29578,0,0,0,941,0,2749,0,0,0,0,0,0,0,0,0,0,0,0,1216063,340,213,2052,29578,0,938,0,2752
2016-05-23__bonirob_2016-05-23-11-02-39_5_frame282,1251936,1227277,177,145,0,0,1046,21720,0,0,0,595,0,976,0,0,0,0,0,0,0,0,0,0,0,0,1227276,177,146,1046,21720,0,589,0,982
2016-05-23__bonirob_2016-05-23-11-02-39_5_frame284,1251936,1224404,495,107,0,0,1441,23197,338,0,0,552,0,1402,0,0,0,0,0,0,0,0,0,0,0,0,1224397,495,114,1424,23156,396,525,0,1429
2016-05-23__bonirob_2016-05-23-11-02-39_5_frame292,1251936,1201954,756,565,0,0,1415,41444,0,0,0,1398,0,4404,0,0,0,0,0,0,0,0,0,0,0,0,1201936,756,583,1415,41444,0,1334,0,4468
2016-05-23__bonirob_2016-05-23-11-02-39_5_frame293,1251936,1217995,256,145,0,0,1732,29928,0,0,0,752,0,1128,0,0,0,0,0,0,0,0,0,0,0,0,1217992,256,148,1732,29928,0,746,0,1134
2016-05-23__bonirob_2016-05-23-11-02-39_5_frame294,1251936,1228134,160,174,0,0,1352,18475,0,0,0,1114,0,2527,0,0,0,0,0,0,0,0,0,0,0,0,1228125,160,183,1352,18475,0,1083,0,2558
2016-05-23__bonirob_2016-05-23-11-07-45_6_frame3,1251936,1220885,252,123,0,54,1293,21945,0,0,0,3133,0,3632,0,619,0,0,0,0,0,0,0,0,0,0,1220637,252,425,1293,21945,0,2396,0,4988
2016-05-23__bonirob_2016-05-23-11-07-45_6_frame4,1251936,1161466,1150,176,0,0,1492,86766,0,0,0,114,0,772,0,0,0,0,0,0,0,0,0,0,0,0,1161460,1150,182,1492,86766,0,109,0,777
2016-05-23__bonirob_2016-05-23-11-07-45_6_frame17,1251936,1204614,1083,447,0,1,1493,36551,0,0,0,2069,0,5581,0,97,0,0,0,0,0,0,0,0,0,0,1204406,1083,656,1493,36551,0,1764,0,5983
2016-05-23__bonirob_2016-05-23-11-07-45_6_frame27,1251936,1178088,808,150,0,0,1739,69748,0,0,0,708,105,590,0,0,0,0,0,0,0,0,0,0,0,0,1178082,808,156,1739,69748,0,693,105,605
2016-05-23__bonirob_2016-05-23-11-07-45_6_frame34,1251936,1160538,1377,507,0,0,1023,85660,0,0,0,461,0,2370,0,0,0,0,0,0,0,0,0,0,0,0,1160511,1377,534,1023,85660,0,450,0,2381
2016-05-23__bonirob_2016-05-23-11-07-45_6_frame38,1251936,1197660,496,174,0,0,1742,49534,0,0,0,750,348,1232,0,0,0,0,0,0,0,0,0,0,0,0,1197653,496,181,1742,49534,0,733,348,1249
2016-05-23__bonirob_2016-05-23-11-07-45_6_frame41,1251936,1214427,621,292,0,0,1819,30484,140,0,0,1641,0,2512,0,0,0,0,0,0,0,0,0,0,0,0,1214342,621,377,1806,30475,162,1512,0,2641
2016-05-23__bonirob_2016-05-23-11-07-45_6_frame51,1251936,1205099,477,116,0,0,1753,42950,0,0,0,703,0,838,0,0,0,0,0,0,0,0,0,0,0,0,1205097,477,118,1753,42950,0,694,0,847
2016-05-23__bonirob_2016-05-23-11-07-45_6_frame52,1251936,1212088,408,182,0,0,2012,34472,0,0,0,1089,0,1685,0,0,0,0,0,0,0,0,0,0,0,0,1212079,408,191,2012,34472,0,1082,0,1692
2016-05-23__bonirob_2016-05-23-11-07-45_6_frame61,1251936,1211346,455,135,0,0,1850,37027,0,0,0,380,0,743,0,0,0,0,0,0,0,0,0,0,0,0,1211339,455,142,1850,37027,0,372,0,751
2016-05-23__bonirob_2016-05-23-11-07-45_6_frame63,1251936,1212367,623,468,0,0,970,29522,233,0,0,1970,0,5783,0,0,0,0,0,0,0,0,0,0,0,0,1212172,623,663,927,29322,476,1591,0,6162
2016-05-23__bonirob_2016-05-23-11-07-45_6_frame68,1251936,1208547,323,4,0,0,1682,40838,0,0,0,423,0,119,0,0,0,0,0,0,0,0,0,0,0,0,1208547,323,4,1682,40838,0,419,0,123
2016-05-23__bonirob_2016-05-23-11-07-45_6_frame70,1251936,1172259,571,179,0,0,2319,75052,150,0,0,526,0,880,0,0,0,0,0,0,0,0,0,0,0,0,1172254,571,184,2316,75052,153,518,0,888
2016-05-23__bonirob_2016-05-23-11-07-45_6_frame75,1251936,1224908,252,141,0,0,1800,22797,0,0,0,865,0,1173,0,0,0,0,0,0,0,0,0,0,0,0,1224906,252,143,1800,22797,0,856,0,1182
2016-05-23__bonirob_2016-05-23-11-07-45_6_frame99,1251936,1204517,292,6,0,0,2128,44654,0,0,0,282,0,57,0,0,0,0,0,0,0,0,0,0,0,0,1204517,292,6,2128,44654,0,281,0,58
2016-05-23__bonirob_2016-05-23-11-07-45_6_frame104,1251936,1215935,613,75,0,0,1991,31836,0,0,0,567,17,902,0,0,0,0,0,0,0,0,0,0,0,0,1215929,613,81,1991,31836,0,559,14,913
2016-05-23__bonirob_2016-05-23-11-07-45_6_frame108,1251936,1184975,666,22,0,0,2505,63429,0,0,0,248,0,91,0,0,0,0,0,0,0,0,0,0,0,0,1184975,666,22,2505,63429,0,243,0,96
2016-05-23__bonirob_2016-05-23-11-07-45_6_frame109,1251936,1186595,676,31,0,0,1968,62450,0,0,0,72,0,144,0,0,0,0,0,0,0,0,0,0,0,0,1186595,676,31,1968,62450,0,70,0,146
2016-05-23__bonirob_2016-05-23-11-07-45_6_frame115,1251936,1198513,234,67,0,0,2455,49789,0,0,0,533,0,345,0,0,0,0,0,0,0,0,0,0,0,0,1198510,234,70,2455,49789,0,529,0,349
2016-05-23__bonirob_2016-05-23-11-07-45_6_frame122,1251936,1180110,692,27,0,0,2724,67946,0,0,0,229,0,208,0,0,0,0,0,0,0,0,0,0,0,0,1180108,692,29,2724,67946,0,228,0,209
2016-05-23__bonirob_2016-05-23-11-07-45_6_frame127,1251936,1149840,1384,149,0,0,2436,96301,0,0,0,605,374,847,0,0,0,0,0,0,0,0,0,0,0,0,1149823,1380,170,2436,96301,0,591,374,861
2016-05-23__bonirob_2016-05-23-11-07-45_6_frame131,1251936,1167253,1245,163,0,0,2287,79850,0,0,0,489,0,649,0,0,0,0,0,0,0,0,0,0,0,0,1167246,1245,170,2287,79850,0,478,0,660
2016-05-23__bonirob_2016-05-23-11-07-45_6_frame133,1251936,1157722,771,67,0,0,1671,91251,0,0,0,262,0,192,0,0,0,0,0,0,0,0,0,0,0,0,1157718,771,71,1671,91251,0,257,0,197
2016-05-23__bonirob_2016-05-23-11-07-45_6_frame135,1251936,1166587,980,10,0,0,1959,82123,0,0,0,182,0,95,0,0,0,0,0,0,0,0,0,0,0,0,1166587,980,10,1959,82123,0,182,0,95
2016-05-23__bonirob_2016-05-23-11-07-45_6_frame138,1251936,1173501,741,86,0,0,2258,75063,0,0,0,108,0,179,0,0,0,0,0,0,0,0,0,0,0,0,1173494,741,93,2258,75063,0,103,0,184
2016-05-23__bonirob_2016-05-23-11-07-45_6_frame141,1251936,1177873,864,113,0,0,3230,66782,196,0,0,881,0,1997,0,0,0,0,0,0,0,0,0,0,0,0,1177863,864,123,3230,66779,199,852,0,2026
2016-05-23__bonirob_2016-05-23-11-07-45_6_frame146,1251936,1216703,436,23,0,0,2408,31592,33,0,0,370,0,371,0,0,0,0,0,0,0,0,0,0,0,0,1216703,436,23,2408,31592,33,368,0,373
2016-05-23__bonirob_2016-05-23-11-07-45_6_frame149,1251936,1198087,566,159,0,0,2420,49803,0,0,0,390,0,511,0,0,0,0,0,0,0,0,0,0,0,0,1198085,566,161,2420,49803,0,388,0,513
2016-05-23__bonirob_2016-05-23-11-07-45_6_frame156,1251936,1149992,1816,128,0,0,1792,97349,0,0,0,417,0,442,0,0,0,0,0,0,0,0,0,0,0,0,1149991,1816,129,1792,97349,0,413,0,446
2016-05-23__bonirob_2016-05-23-11-07-45_6_frame162,1251936,1159149,1051,204,0,0,2220,88777,0,0,0,138,0,397,0,0,0,0,0,0,0,0,0,0,0,0,1159135,1051,218,2220,88777,0,131,0,404
2016-05-23__bonirob_2016-05-23-11-07-45_6_frame166,1251936,1195322,665,24,0,965,1575,44322,0,0,0,2649,0,740,0,5674,0,0,0,0,0,0,0,0,0,0,1194919,665,1392,1575,44322,0,2043,0,7020
2016-05-23__bonirob_2016-05-23-11-07-45_6_frame175,1251936,1174664,991,154,0,0,2136,72601,0,0,0,348,0,1042,0,0,0,0,0,0,0,0,0,0,0,0,1174658,991,160,2136,72601,0,332,0,1058
2016-05-23__bonirob_2016-05-23-11-07-45_6_frame176,1251936,1180592,946,100,0,0,2300,65731,0,0,0,574,0,1693,0,0,0,0,0,0,0,0,0,0,0,0,1180590,946,102,2300,65731,0,551,0,1716
2016-05-23__bonirob_2016-05-23-11-07-45_6_frame201,1251936,1154141,1031,447,0,0,1608,90838,0,0,0,1660,0,2211,0,0,0,0,0,0,0,0,0,0,0,0,1154109,1031,479,1608,90838,0,1617,0,2254
2016-05-23__bonirob_2016-05-23-11-07-45_6_frame208,1251936,1196713,591,29,0,0,2981,50996,0,0,0,389,0,237,0,0,0,0,0,0,0,0,0,0,0,0,1196711,591,31,2981,50996,0,379,0,247
2016-05-23__bonirob_2016-05-23-11-07-45_6_frame210,1251936,1146293,1641,247,0,0,1463,99871,0,0,0,795,0,1626,0,0,0,0,0,0,0,0,0,0,0,0,1146275,1641,265,1463,99871,0,760,0,1661
2016-05-23__bonirob_2016-05-23-11-07-45_6_frame212,1251936,1170011,1387,48,0,0,1531,78095,0,0,0,673,8,183,0,0,0,0,0,0,0,0,0,0,0,0,1170009,1387,50,1531,78095,0,669,8,187
2016-05-23__bonirob_2016-05-23-11-07-45_6_frame215,1251936,1127520,2081,202,0,0,994,120714,0,0,0,99,0,326,0,0,0,0,0,0,0,0,0,0,0,0,1127508,2081,214,994,120714,0,97,0,328
2016-05-23__bonirob_2016-05-23-11-07-45_6_frame218,1251936,1156418,1561,250,0,0,1726,90577,0,0,0,495,0,909,0,0,0,0,0,0,0,0,0,0,0,0,1156385,1561,283,1726,90577,0,458,0,946
2016-05-23__bonirob_2016-05-23-11-07-45_6_frame220,1251936,1184002,912,14,0,0,1897,63723,0,0,0,663,124,601,0,0,0,0,0,0,0,0,0,0,0,0,1184001,912,15,1897,63723,0,654,114,620
2016-05-23__bonirob_2016-05-23-11-07-45_6_frame224,1251936,1131893,2273,125,0,0,1510,115798,0,0,0,178,0,159,0,0,0,0,0,0,0,0,0,0,0,0,1131863,2273,155,1510,115798,0,176,0,161
2016-05-23__bonirob_2016-05-23-11-07-45_6_frame227,1251936,1178928,662,312,0,0,2120,68762,0,0,0,283,0,869,0,0,0,0,0,0,0,0,0,0,0,0,1178912,662,328,2120,68762,0,271,0,881
2016-05-23__bonirob_2016-05-23-11-07-45_6_frame228,1251936,1200145,210,80,0,0,1323,48853,0,0,0,595,0,730,0,0,0,0,0,0,0,0,0,0,0,0,1200105,210,120,1323,48853,0,512,0,813
2016-05-23__bonirob_2016-05-23-11-07-45_6_frame231,1251936,1160234,917,22,0,0,1858,88427,0,0,0,79,0,399,0,0,0,0,0,0,0,0,0,0,0,0,1160234,917,22,1858,88427,0,76,0,402
2016-05-23__bonirob_2016-05-23-11-07-45_6_frame238,1251936,1201573,493,175,0,0,2198,45820,230,0,0,658,6,783,0,0,0,0,0,0,0,0,0,0,0,0,1201501,493,247,2192,45820,236,568,3,876
2016-05-23__bonirob_2016-05-23-11-07-45_6_frame252,1251936,1216235,297,20,0,0,1980,32533,0,0,0,387,0,484,0,0,0,0,0,0,0,0,0,0,0,0,1216234,297,21,1980,32533,0,386,0,485
2016-05-23__bonirob_2016-05-23-11-07-45_6_frame254,1251936,1219320,84,89,0,0,1535,28311,0,0,0,1015,0,1582,0,0,0,0,0,0,0,0,0,0,0,0,1219303,84,106,1535,28311,0,986,0,1611
2016-05-23__bonirob_2016-05-23-11-07-45_6_frame259,1251936,1121352,2200,7,0,0,2419,125958,0,0,0,0,0,0,0,0,0,0,0,0,0,0,0,0,0,0,1121352,2200,7,2419,125958,0,0,0,0
2016-05-23__bonirob_2016-05-23-11-07-45_6_frame263,1251936,1226580,163,100,0,0,1949,21344,0,0,0,583,0,1217,0,0,0,0,0,0,0,0,0,0,0,0,1226575,163,105,1949,21344,0,563,0,1237
2016-05-23__bonirob_2016-05-23-11-07-45_6_frame278,1251936,1201354,335,212,0,0,1882,47042,0,0,0,566,0,545,0,0,0,0,0,0,0,0,0,0,0,0,1201344,335,222,1882,47042,0,553,0,558
2016-05-23__bonirob_2016-05-23-11-07-45_6_frame280,1251936,1200586,220,670,0,0,2212,36583,0,0,0,1149,0,10516,0,0,0,0,0,0,0,0,0,0,0,0,1200568,220,688,2212,36583,0,1129,0,10536
2016-05-23__bonirob_2016-05-23-11-07-45_6_frame284,1251936,1182104,700,61,0,0,1793,66659,0,0,0,124,0,495,0,0,0,0,0,0,0,0,0,0,0,0,1182100,700,65,1793,66659,0,122,0,497
2016-05-23__bonirob_2016-05-23-11-07-45_6_frame288,1251936,1169215,1315,62,0,0,1540,79174,0,0,0,136,0,494,0,0,0,0,0,0,0,0,0,0,0,0,1169214,1315,63,1540,79174,0,126,0,504
2016-05-23__bonirob_2016-05-23-11-07-45_6_frame289,1251936,1201207,486,161,0,0,2188,45491,0,0,0,650,88,1665,0,0,0,0,0,0,0,0,0,0,0,0,1201194,486,174,2188,45491,0,622,55,1726
2016-05-23__bonirob_2016-05-23-11-07-45_6_frame297,1251936,1196102,511,179,0,0,2079,50808,0,0,0,890,0,1367,0,0,0,0,0,0,0,0,0,0,0,0,1196088,511,193,2079,50808,0,862,0,1395
2016-05-23__bonirob_2016-05-23-11-07-45_6_frame306,1251936,1235754,44,107,0,0,1252,12611,0,0,0,567,0,1601,0,0,0,0,0,0,0,0,0,0,0,0,1235750,44,111,1252,12611,0,561,0,1607
2016-05-23__bonirob_2016-05-23-11-12-51_7_frame4,1251936,1221038,136,109,0,0,1371,27586,0,0,0,510,0,1186,0,0,0,0,0,0,0,0,0,0,0,0,1221031,136,116,1371,27586,0,504,0,1192
2016-05-23__bonirob_2016-05-23-11-12-51_7_frame5,1251936,1183785,795,248,0,0,1565,63518,0,0,0,480,0,1545,0,0,0,0,0,0,0,0,0,0,0,0,1183762,795,271,1565,63518,0,454,0,1571
2016-05-23__bonirob_2016-05-23-11-12-51_7_frame10,1251936,1200522,365,246,0,0,1497,46518,0,0,0,918,0,1870,0,0,0,0,0,0,0,0,0,0,0,0,1200514,365,254,1497,46518,0,900,0,1888
2016-05-23__bonirob_2016-05-23-11-12-51_7_frame13,1251936,1246407,36,333,0,0,219,1917,0,0,0,781,0,2243,0,0,0,0,0,0,0,0,0,0,0,0,1246308,36,432,219,1917,0,639,0,2385
2016-05-23__bonirob_2016-05-23-11-12-51_7_frame14,1251936,1166422,765,186,0,0,1326,82142,0,0,0,239,0,856,0,0,0,0,0,0,0,0,0,0,0,0,1166413,765,195,1326,82142,0,225,0,870
2016-05-23__bonirob_2016-05-23-11-12-51_7_frame19,1251936,1204210,423,304,0,0,1411,41395,0,0,0,1080,0,3113,0,0,0,0,0,0,0,0,0,0,0,0,1204194,423,320,1411,41395,0,1061,0,3132
2016-05-23__bonirob_2016-05-23-11-12-51_7_frame20,1251936,1142500,1235,42,0,0,1905,105410,0,0,0,235,0,609,0,0,0,0,0,0,0,0,0,0,0,0,1142498,1235,44,1905,105410,0,228,0,616
2016-05-23__bonirob_2016-05-23-11-12-51_7_frame27,1251936,1190033,448,45,0,0,2288,57926,0,0,0,440,0,756,0,0,0,0,0,0,0,0,0,0,0,0,1190029,448,49,2288,57926,0,438,0,758
2016-05-23__bonirob_2016-05-23-11-12-51_7_frame29,1251936,1220020,35,138,0,0,1225,27239,0,0,0,1439,0,1840,0,0,0,0,0,0,0,0,0,0,0,0,1220014,35,144,1225,27239,0,1408,0,1871
2016-05-23__bonirob_2016-05-23-11-12-51_7_frame31,1251936,1243619,53,201,0,0,1203,4145,9,0,0,1146,0,1560,0,0,0,0,0,0,0,0,0,0,0,0,1243609,53,211,1202,4134,21,1132,0,1574
2016-05-23__bonirob_2016-05-23-11-12-51_7_frame39,1251936,1169119,1269,89,0,0,1613,78591,0,0,0,402,0,853,0,0,0,0,0,0,0,0,0,0,0,0,1169119,1269,89,1613,78591,0,393,0,862
2016-05-23__bonirob_2016-05-23-11-12-51_7_frame41,1251936,1206574,264,35,0,0,2231,40279,0,0,0,663,0,1890,0,0,0,0,0,0,0,0,0,0,0,0,1206568,264,41,2231,40279,0,630,0,1923
2016-05-23__bonirob_2016-05-23-11-12-51_7_frame43,1251936,1184348,643,74,0,0,1712,63525,0,0,0,516,0,1118,0,0,0,0,0,0,0,0,0,0,0,0,1184344,643,78,1712,63525,0,511,0,1123
2016-05-23__bonirob_2016-05-23-11-12-51_7_frame64,1251936,1110646,2657,4,59,930,708,132107,0,0,0,1276,0,31,125,3393,0,0,0,0,0,0,0,0,0,0,1110031,2657,1608,708,132107,0,755,0,4070
2016-05-23__bonirob_2016-05-23-11-12-51_7_frame71,1251936,1142822,1635,438,0,0,1664,101738,0,0,0,1192,0,2447,0,0,0,0,0,0,0,0,0,0,0,0,1142793,1635,467,1664,101738,0,1131,0,2508
2016-05-23__bonirob_2016-05-23-11-12-51_7_frame75,1251936,1241379,88,129,0,0,589,2957,0,0,0,4923,0,1871,0,0,0,0,0,0,0,0,0,0,0,0,1241377,88,131,589,2957,0,4902,0,1892
2016-05-23__bonirob_2016-05-23-11-12-51_7_frame77,1251936,1233640,135,330,0,0,906,9552,0,0,0,2603,0,4770,0,0,0,0,0,0,0,0,0,0,0,0,1233629,135,341,906,9552,0,2586,0,4787
2016-05-23__bonirob_2016-05-23-11-12-51_7_frame87,1251936,1205859,402,73,0,197,1303,37545,0,0,0,2022,2,1528,3,3002,0,0,0,0,0,0,0,0,0,0,1205600,402,529,1303,37545,0,1276,0,5281
2016-05-23__bonirob_2016-05-23-11-12-51_7_frame93,1251936,1197967,602,18,0,167,2612,43392,0,0,0,2888,1088,807,0,2395,0,0,0,0,0,0,0,0,0,0,1197755,584,415,2612,43392,0,2367,727,4084
2016-05-23__bonirob_2016-05-23-11-12-51_7_frame95,1251936,1198524,363,256,0,13,1545,36673,0,0,0,6091,0,8361,0,110,0,0,0,0,0,0,0,0,0,0,1198300,363,493,1545,36673,0,5055,0,9507
2016-05-23__bonirob_2016-05-23-11-12-51_7_frame96,1251936,1231822,96,103,0,0,1056,16929,0,0,0,1695,0,235,0,0,0,0,0,0,0,0,0,0,0,0,1231818,96,107,1056,16929,0,1694,0,236
2016-05-23__bonirob_2016-05-23-11-12-51_7_frame97,1251936,1210502,586,19,0,0,1283,37740,0,0,0,1378,0,428,0,0,0,0,0,0,0,0,0,0,0,0,1210501,586,20,1283,37740,0,1374,0,432
2016-05-23__bonirob_2016-05-23-11-12-51_7_frame101,1251936,1200866,245,37,0,0,2586,46260,0,0,0,694,0,1248,0,0,0,0,0,0,0,0,0,0,0,0,1200857,245,46,2586,46260,0,691,0,1251
2016-05-23__bonirob_2016-05-23-11-12-51_7_frame107,1251936,1215095,276,35,0,0,2533,31723,28,0,0,1954,0,292,0,0,0,0,0,0,0,0,0,0,0,0,1215093,276,37,2533,31723,28,1947,0,299
2016-05-23__bonirob_2016-05-23-11-12-51_7_frame109,1251936,1206013,456,234,0,0,1052,40835,0,0,0,1604,23,1719,0,0,0,0,0,0,0,0,0,0,0,0,1206005,456,242,1052,40835,0,1591,23,1732
2016-05-23__bonirob_2016-05-23-11-12-51_7_frame111,1251936,1202723,227,67,0,0,1487,44201,0,0,0,2149,427,655,0,0,0,0,0,0,0,0,0,0,0,0,1202720,226,71,1487,44201,0,2135,405,691
2016-05-23__bonirob_2016-05-23-11-12-51_7_frame116,1251936,1199183,669,0,0,0,1816,47043,0,0,0,3217,0,8,0,0,0,0,0,0,0,0,0,0,0,0,1199183,669,0,1816,47043,0,3217,0,8
2016-05-23__bonirob_2016-05-23-11-12-51_7_frame119,1251936,1232313,66,12,0,0,1247,15161,0,0,0,2649,183,305,0,0,0,0,0,0,0,0,0,0,0,0,1232313,66,12,1247,15161,0,2649,183,305
2016-05-23__bonirob_2016-05-23-11-12-51_7_frame137,1251936,1249310,66,0,0,0,734,1585,0,0,0,241,0,0,0,0,0,0,0,0,0,0,0,0,0,0,1249310,66,0,734,1585,0,241,0,0
2016-05-23__bonirob_2016-05-23-11-12-51_7_frame190,1251936,1206570,532,54,0,2,2776,38658,9,0,0,2388,0,932,0,15,0,0,0,0,0,0,0,0,0,0,1206483,532,143,2766,38622,55,2147,0,1188
