image_id,n_valid_pixels,total_error_count,within_functional_count,within_functional_error_rate,crop_weed_functional_count,crop_weed_functional_error_rate,vegetation_soil_count,vegetation_soil_error_rate,crop_soil_count,crop_soil_error_rate,weedfunctional_soil_count,weedfunctional_soil_error_rate,cross_functional_count,cross_functional_error_rate,crop_fp_total,crop_fn_total,crop_fp_from_soil,crop_fp_from_weed,crop_fp_from_dicot,crop_fp_from_grass,crop_fn_to_soil,crop_fn_to_weed,crop_fn_to_dicot,crop_fn_to_grass
2016-05-23__bonirob_2016-05-23-10-37-10_0_frame23,1251936,68506,3770,0.003011336042737009,1885,0.0015056680213685046,62851,0.050203045523093834,7045,0.005627284461825525,55806,0.04457576106126831,64736,0.05170871354446234,6496,2434,4963,0,29,1504,2082,0,0,352
2016-05-23__bonirob_2016-05-23-10-37-10_0_frame28,1251936,32428,1191,0.0009513265853845564,5,3.993814380287811e-06,31232,0.02494696214502978,8675,0.0069292679497993505,22557,0.018017694195230426,31237,0.024950955959410066,4747,3933,4742,0,0,5,3933,0,0,0
2016-05-23__bonirob_2016-05-23-10-37-10_0_frame30,1251936,13984,490,0.0003913938092682054,207,0.00016534391534391533,13287,0.010613162334176827,3923,0.003133546762773816,9364,0.007479615571403011,13494,0.010778506249520743,2683,1447,2476,0,0,207,1447,0,0,0
2016-05-23__bonirob_2016-05-23-10-37-10_0_frame31,1251936,27016,5290,0.004225455614344504,586,0.00046807504536973133,21140,0.016885847199856863,3533,0.0028220292411113668,17607,0.014063817958745495,21726,0.017353922245226593,2685,1434,2099,0,0,586,1434,0,0,0
2016-05-23__bonirob_2016-05-23-10-37-10_0_frame35,1251936,24064,0,0.0,6828,0.0054539529177210335,17236,0.01376747693172814,3543,0.002830016869871942,13693,0.010937460061856197,24064,0.019221429849449172,8911,1460,2083,0,0,6828,1460,0,0,0
2016-05-23__bonirob_2016-05-23-10-37-10_0_frame44,1251936,51458,2099,0.0016766032768448227,2343,0.0018715014186028679,47016,0.03755463538072234,5686,0.004541765713263298,41330,0.03301286966745904,49359,0.039426136799325204,7380,649,5172,0,0,2208,514,24,0,111
2016-05-23__bonirob_2016-05-23-10-37-10_0_frame47,1251936,18477,0,0.0,171,0.0001365884518058431,18306,0.01462215320910973,4625,0.0036942783017662245,13681,0.010927874907343506,18477,0.014758741660915575,3396,1400,3225,0,0,171,1400,0,0,0
2016-05-23__bonirob_2016-05-23-10-37-10_0_frame50,1251936,3151,126,0.00010064412238325282,0,0.0,3025,0.002416257700074125,1038,0.0008291158653477494,1987,0.0015871418347263757,3025,0.002416257700074125,142,896,142,0,0,0,896,0,0,0
2016-05-23__bonirob_2016-05-23-10-37-10_0_frame52,1251936,5243,519,0.0004145579326738747,0,0.0,4724,0.0037733558264959233,3943,0.003149522020294967,781,0.000623833806200956,4724,0.0037733558264959233,1810,2133,1810,0,0,0,2133,0,0,0
2016-05-23__bonirob_2016-05-23-10-37-10_0_frame55,1251936,3420,351,0.00028036576949620425,0,0.0,3069,0.002451403266620658,2490,0.0019889195613833296,579,0.0004624837052373284,3069,0.002451403266620658,937,1553,937,0,0,0,1553,0,0,0
2016-05-23__bonirob_2016-05-23-10-37-10_0_frame60,1251936,9281,609,0.0004864465915190553,443,0.0003538519540935,8229,0.006573019707077678,3522,0.0028132428494747337,4707,0.0037597768576029447,8672,0.006926871661171178,2489,1476,2046,0,0,443,1476,0,0,0
2016-05-23__bonirob_2016-05-23-10-37-10_0_frame93,1251936,15546,2991,0.002389099762288168,0,0.0,12555,0.010028467908902692,264,0.0002108733992791964,12291,0.009817594509623495,12555,0.010028467908902692,147,117,147,0,0,0,117,0,0,0
2016-05-23__bonirob_2016-05-23-10-37-10_0_frame96,1251936,20186,3064,0.00244740945224037,556,0.0004441121590880045,16566,0.013232305804769574,1197,0.0009561191626409018,15369,0.012276186642128671,17122,0.013676417963857577,1396,357,840,0,0,556,357,0,0,0
2016-05-23__bonirob_2016-05-23-10-37-10_0_frame97,1251936,30850,6782,0.005417209825422386,416,0.0003322853564399458,23652,0.018892339544513456,361,0.0002883533982567799,23291,0.018603986146256676,24068,0.019224624900953405,576,201,160,0,416,0,201,0,0,0
2016-05-23__bonirob_2016-05-23-10-37-10_0_frame102,1251936,44451,20219,0.016150186591007847,0,0.0,24232,0.019355622012626843,2925,0.002336381412468369,21307,0.017019240600158473,24232,0.019355622012626843,1546,1379,1546,0,0,0,1379,0,0,0
2016-05-23__bonirob_2016-05-23-10-37-10_0_frame103,1251936,33474,5477,0.004374824272167267,513,0.0004097653554175293,27484,0.021953198885566034,3398,0.0027141962528435958,24086,0.01923900263272244,27997,0.022362964240983566,2141,1770,1677,0,0,464,1721,49,0,0
2016-05-23__bonirob_2016-05-23-10-37-10_0_frame113,1251936,24407,3068,0.0024506045037446,497,0.00039698514940060835,20842,0.01664781586279171,3219,0.002571217698029292,17623,0.014076598164762416,21339,0.017044801012192315,2226,1490,1729,0,497,0,1490,0,0,0
2016-05-23__bonirob_2016-05-23-10-37-10_0_frame114,1251936,26269,3266,0.002608759553203998,991,0.000791574010173044,22012,0.017582368427779056,3097,0.0024737686271502695,18915,0.015108599800628786,23003,0.0183739424379521,3094,994,2103,0,991,0,994,0,0,0
2016-05-23__bonirob_2016-05-23-10-37-10_0_frame117,1251936,26035,1985,0.0015855443089742606,3123,0.0024945364619277663,20927,0.016715710707256602,817,0.0006525892697390282,20110,0.016063121437517574,24050,0.019210247169184368,3749,191,626,0,3123,0,191,0,0,0
2016-05-23__bonirob_2016-05-23-10-37-10_0_frame125,1251936,32825,850,0.0006789484446489278,532,0.000424941850062623,31443,0.025115501111877922,3621,0.002892320374204432,27822,0.02222318073767349,31975,0.025540442961940548,3139,1014,3003,0,0,136,618,20,0,376
2016-05-23__bonirob_2016-05-23-10-37-10_0_frame128,1251936,40059,1558,0.0012444725608976818,1151,0.0009193760703422539,37350,0.029833793420749943,3608,0.0028819364568156837,33742,0.02695185696393426,38501,0.030753169491092195,3521,1238,2370,0,0,1151,1238,0,0,0
2016-05-23__bonirob_2016-05-23-10-37-10_0_frame132,1251936,12778,580,0.00046328246811338597,0,0.0,12198,0.009743309562150141,3715,0.002967404084553843,8483,0.006775905477596299,12198,0.009743309562150141,2661,1054,2661,0,0,0,1054,0,0,0
2016-05-23__bonirob_2016-05-23-10-37-10_0_frame139,1251936,21284,3751,0.002996159548091915,32,2.5560412033841985e-05,17501,0.013979149093883394,3453,0.002758128211026762,14048,0.011221020882856632,17533,0.014004709505917236,2304,1181,2272,0,32,0,1181,0,0,0
2016-05-23__bonirob_2016-05-23-10-37-10_0_frame143,1251936,18214,1682,0.0013435191575288195,0,0.0,16532,0.013205147866983616,5121,0.004090464688290775,11411,0.00911468317869284,16532,0.013205147866983616,3480,1641,3480,0,0,0,1641,0,0,0
2016-05-23__bonirob_2016-05-23-10-37-10_0_frame145,1251936,21157,3290,0.0026279298622293792,264,0.0002108733992791964,17603,0.014060622907241265,3335,0.0026638741916519696,14268,0.011396748715589296,17867,0.014271496306520462,2787,812,2523,0,95,169,812,0,0,0
2016-05-23__bonirob_2016-05-23-10-37-10_0_frame150,1251936,16071,1067,0.0008522799887534187,719,0.0005743105078853871,14285,0.011410327684482274,6982,0.005576962400633898,7303,0.0058333652838483754,15004,0.01198463819236766,4632,3069,3913,0,719,0,3069,0,0,0
2016-05-23__bonirob_2016-05-23-10-37-10_0_frame151,1251936,17356,1537,0.0012276985405004729,56,4.473072105922347e-05,15763,0.01259089921529535,7714,0.0061616568259080335,8049,0.006429242389387317,15819,0.012635629936354574,4046,3724,3990,0,56,0,3724,0,0,0
2016-05-23__bonirob_2016-05-23-10-37-10_0_frame152,1251936,11761,1346,0.0010751348311734785,0,0.0,10415,0.00831911535413951,7309,0.005838157861104721,3106,0.0024809574930347877,10415,0.00831911535413951,4338,2971,4338,0,0,0,2971,0,0,0
2016-05-23__bonirob_2016-05-23-10-37-10_0_frame156,1251936,11602,715,0.0005711154563811569,0,0.0,10887,0.008696131431638677,4319,0.0034498568616926103,6568,0.005246274569946067,10887,0.008696131431638677,1583,2736,1583,0,0,0,2736,0,0,0
2016-05-23__bonirob_2016-05-23-10-37-10_0_frame161,1251936,20468,245,0.0001956969046341027,14,1.1182680264805868e-05,20209,0.01614219896224727,2192,0.001750888224318176,18017,0.014391310737929095,20223,0.016153381642512076,1156,1050,1142,0,14,0,1050,0,0,0
2016-05-23__bonirob_2016-05-23-10-37-10_0_frame169,1251936,23158,470,0.00037541855174705416,0,0.0,22688,0.01812233213199397,5322,0.0042510160263783455,17366,0.013871316105615622,22688,0.01812233213199397,3853,1469,3853,0,0,0,1469,0,0,0
2016-05-23__bonirob_2016-05-23-10-37-10_0_frame180,1251936,25835,2516,0.002009687396160826,204,0.00016294762671574265,23115,0.018463403880070547,10892,0.008700125246018965,12223,0.00976327863405158,23319,0.01862635150678629,8508,2588,8304,0,0,204,2588,0,0,0
2016-05-23__bonirob_2016-05-23-10-37-10_0_frame182,1251936,78192,46992,0.03753546507169696,2763,0.002206981826547044,28437,0.02271441990644889,5298,0.004231845717352964,23139,0.018482574189095928,31200,0.024921401732995938,7023,1038,4260,0,1980,783,1038,0,0,0
2016-05-23__bonirob_2016-05-23-10-37-10_0_frame197,1251936,5127,1008,0.0008051529790660225,1212,0.0009681006057817652,2907,0.002322003680699333,132,0.0001054366996395982,2775,0.002216566981059735,4119,0.0032901042864810983,1344,0,132,0,1212,0,0,0,0,0
2016-05-23__bonirob_2016-05-23-10-37-10_0_frame205,1251936,18169,291,0.00023243999693275055,560,0.00044730721059223476,17318,0.013832975487564859,5448,0.004351660148761598,11870,0.009481315338803262,17878,0.014280282698157095,4136,1872,3576,0,0,560,1872,0,0,0
2016-05-23__bonirob_2016-05-23-10-37-10_0_frame209,1251936,12257,329,0.0002627929862229379,168,0.00013419216317767042,11760,0.00939345142243693,5169,0.004128805306341538,6591,0.0052646461160953915,11928,0.0095276435856146,4211,1126,4043,0,168,0,1126,0,0,0
2016-05-23__bonirob_2016-05-23-10-37-10_0_frame210,1251936,32017,1270,0.0010144288525931037,9956,0.007952483194029088,20791,0.016607078956112773,5903,0.004715097257367789,14888,0.011891981698744983,30747,0.02455956215014186,13906,1953,4513,0,1765,7628,1390,0,0,563
2016-05-23__bonirob_2016-05-23-10-37-10_0_frame214,1251936,9765,1907,0.0015232408046417709,105,8.387010198604402e-05,7753,0.006192808578074279,1262,0.0010080387495846432,6491,0.005184769828489635,7858,0.006276678680060322,837,530,732,0,105,0,530,0,0,0
2016-05-23__bonirob_2016-05-23-10-37-10_0_frame215,1251936,10636,2701,0.002157458528231475,0,0.0,7935,0.0063381834215167545,3075,0.0024561958438770034,4860,0.0038819875776397515,7935,0.0063381834215167545,1424,1651,1424,0,0,0,1651,0,0,0
2016-05-23__bonirob_2016-05-23-10-37-10_0_frame220,1251936,9171,172,0.00013738721468190067,543,0.0004337282416992562,8456,0.006754338879942745,3159,0.0025232919254658385,5297,0.004231046954476906,8999,0.0071880671216420005,2750,952,2207,0,543,0,952,0,0,0
2016-05-23__bonirob_2016-05-23-10-37-10_0_frame223,1251936,12338,548,0.000437722056079544,825,0.0006589793727474887,10965,0.008758434935971168,9894,0.007902959895713518,1071,0.000855475040257649,11790,0.009417414308718657,7679,3040,6854,0,825,0,3040,0,0,0
2016-05-23__bonirob_2016-05-23-10-37-10_0_frame232,1251936,14762,3370,0.002691830892313984,0,0.0,11392,0.009099506684047748,8249,0.0065889949645988296,3143,0.0025105117194489175,11392,0.009099506684047748,4234,4015,4234,0,0,0,4015,0,0,0
2016-05-23__bonirob_2016-05-23-10-37-10_0_frame234,1251936,21023,1363,0.0010887138000664571,14,1.1182680264805868e-05,19646,0.015692495463026864,8713,0.0069596209390895385,10933,0.008732874523937326,19660,0.01570367814329167,5746,2981,5732,0,14,0,2981,0,0,0
2016-05-23__bonirob_2016-05-23-10-37-10_0_frame239,1251936,11416,778,0.0006214375175727833,5755,0.00459688035171127,4883,0.0039003591237890753,2498,0.00199530966439179,2385,0.0019050494593972854,10638,0.008497239475500346,7284,969,1529,0,5755,0,969,0,0,0
2016-05-23__bonirob_2016-05-23-10-37-10_0_frame242,1251936,8666,1913,0.0015280333818981163,112,8.946144211844694e-05,6641,0.00530458425989827,3055,0.002440220586355852,3586,0.0028643636735424176,6753,0.0053940457020167165,1762,1405,1650,0,112,0,1405,0,0,0
2016-05-23__bonirob_2016-05-23-10-37-10_0_frame246,1251936,14134,633,0.0005056169005444367,1208,0.000964905554277535,12293,0.00981919203537561,9079,0.007251968151726606,3214,0.002567223883649004,13501,0.010784097589653145,7319,2968,6111,0,0,1208,2968,0,0,0
2016-05-23__bonirob_2016-05-23-10-37-10_0_frame253,1251936,10481,921,0.0007356606088490147,460,0.00036743092298647856,9100,0.007268742172123814,5443,0.00434766633438131,3657,0.0029210758377425042,9560,0.007636173095110293,3658,2245,3198,0,460,0,2245,0,0,0
2016-05-23__bonirob_2016-05-23-10-37-10_0_frame256,1251936,15955,545,0.0004353257674513713,0,0.0,15410,0.012308935920047032,8190,0.006541867954911434,7220,0.005767067965135598,15410,0.012308935920047032,5693,2497,5693,0,0,0,2497,0,0,0
2016-05-23__bonirob_2016-05-23-10-37-10_0_frame257,1251936,10087,569,0.0004544960764767528,0,0.0,9518,0.007602625054315876,5814,0.004644007361398666,3704,0.00295861769291721,9518,0.007602625054315876,3545,2269,3545,0,0,0,2269,0,0,0
2016-05-23__bonirob_2016-05-23-10-37-10_0_frame258,1251936,12431,2073,0.0016558354420673261,246,0.00019649566751016027,10112,0.008077090202694067,6679,0.005334937249188457,3433,0.0027421529535056107,10358,0.008273585870204228,5414,1511,5168,0,246,0,1511,0,0,0
2016-05-23__bonirob_2016-05-23-10-37-10_0_frame261,1251936,13705,2068,0.0016518416276870382,6,4.792577256345372e-06,11631,0.009290411011425505,8945,0.0071449339263348925,2686,0.002145477085090612,11637,0.00929520358868185,6663,2288,6657,0,6,0,2288,0,0,0
2016-05-23__bonirob_2016-05-23-10-37-10_0_frame269,1251936,11454,2244,0.0017924238938731693,0,0.0,9210,0.0073566060884901465,5705,0.0045569422079083915,3505,0.002799663880581755,9210,0.0073566060884901465,2948,2757,2948,0,0,0,2757,0,0,0
2016-05-23__bonirob_2016-05-23-10-37-10_0_frame276,1251936,10667,1155,0.0009225711218464841,0,0.0,9512,0.0075978324770595304,6947,0.0055490056999718835,2565,0.0020488267770876465,9512,0.0075978324770595304,4357,2590,4357,0,0,0,2590,0,0,0
2016-05-23__bonirob_2016-05-23-10-37-10_0_frame283,1251936,51796,13094,0.010459001099097717,2108,0.0016837921427293409,36594,0.029229928686450427,8203,0.006552251872300181,28391,0.022677676814150245,38702,0.030913720829179765,8011,2300,5903,0,1264,844,2300,0,0,0
2016-05-23__bonirob_2016-05-23-10-37-10_0_frame288,1251936,8705,457,0.0003650346343583059,0,0.0,8248,0.0065881962017227715,5706,0.004557740970784449,2542,0.0020304552309383227,8248,0.0065881962017227715,3758,1948,3758,0,0,0,1948,0,0,0
2016-05-23__bonirob_2016-05-23-10-37-10_0_frame301,1251936,29060,2024,0.0016166960611405056,353,0.00028196329524831943,26683,0.02131338982184393,3790,0.0030273113002581603,22893,0.01828607852158577,27036,0.021595353117092247,2612,1531,2259,0,0,353,1531,0,0,0
2016-05-23__bonirob_2016-05-23-10-37-10_0_frame304,1251936,5884,484,0.00038660123201186,1350,0.0010783298826777088,4050,0.0032349896480331265,3269,0.0026111558418321704,781,0.000623833806200956,5400,0.004313319530710835,1653,2966,1653,0,0,0,1616,1350,0,0
2016-05-23__bonirob_2016-05-23-10-42-16_1_frame1,1251936,26015,184,0.00014697236919459142,0,0.0,25831,0.020632843851442886,4807,0.0038396531452087007,21024,0.016793190706234185,25831,0.020632843851442886,2603,2204,2603,0,0,0,2204,0,0,0
2016-05-23__bonirob_2016-05-23-10-42-16_1_frame17,1251936,15244,1589,0.001269234210055466,5919,0.00472787746338471,7736,0.0061792296091813,3426,0.0027365616133732075,4310,0.0034426679958080926,13655,0.01090710707256601,8530,815,2611,0,0,5919,815,0,0,0
2016-05-23__bonirob_2016-05-23-10-42-16_1_frame21,1251936,12964,0,0.0,6959,0.005558590854484575,6005,0.00479657107072566,5874,0.00469193313396212,131,0.00010463793676354063,12964,0.010355161925210235,946,11887,946,0,0,0,4928,6639,0,320
2016-05-23__bonirob_2016-05-23-10-42-16_1_frame27,1251936,6872,1056,0.0008434935971167856,61,4.872453543951129e-05,5755,0.00459688035171127,3286,0.002624734810725149,2469,0.0019721455409861207,5816,0.004645604887150781,1622,1725,1561,0,0,61,1725,0,0,0
2016-05-23__bonirob_2016-05-23-10-42-16_1_frame28,1251936,5687,0,0.0,356,0.0002843595838764921,5331,0.004258204892262863,3617,0.002889125322700202,1714,0.0013690795695626614,5687,0.004542564476139355,896,3077,896,0,0,0,2721,356,0,0
2016-05-23__bonirob_2016-05-23-10-42-16_1_frame30,1251936,8685,109,8.706515349027426e-05,826,0.0006597781356235462,7750,0.006190412289446106,3376,0.0026966234695703297,4374,0.0034937888198757765,8576,0.006850190425069652,2896,1306,2070,0,0,826,1306,0,0,0
2016-05-23__bonirob_2016-05-23-10-42-16_1_frame39,1251936,10274,1559,0.0012452713237737392,96,7.668123610152595e-05,8619,0.006884537228740127,2379,0.00190025688214094,6240,0.0049842803465991875,8715,0.006961218464841653,1077,1398,1077,0,0,0,1302,0,0,96
2016-05-23__bonirob_2016-05-23-10-42-16_1_frame48,1251936,9718,44,3.514556654653273e-05,0,0.0,9674,0.0077272320629808555,3277,0.002617545944840631,6397,0.005109686118140225,9674,0.0077272320629808555,1806,1471,1806,0,0,0,1471,0,0,0
2016-05-23__bonirob_2016-05-23-10-42-16_1_frame49,1251936,7120,126,0.00010064412238325282,1643,0.0013123674053625745,5351,0.004274180149784015,3967,0.0031686923293203486,1384,0.0011054878204636658,6994,0.005586547555146589,2350,3260,1610,740,0,0,2357,565,0,338
2016-05-23__bonirob_2016-05-23-10-42-16_1_frame53,1251936,178222,358,0.00028595710962860723,120074,0.0959106535797357,57790,0.04616050660736651,12013,0.009595538430079494,45777,0.036564968177287015,177864,0.14207116018710222,132087,0,12013,120074,0,0,0,0,0,0
2016-05-23__bonirob_2016-05-23-10-42-16_1_frame54,1251936,313442,31,2.4761649157784424e-05,269949,0.21562523962886282,43462,0.03471583211921376,18961,0.015145342892927434,24501,0.019570489226286326,313411,0.25034107174807657,288907,3,18958,269949,0,0,3,0,0,0
2016-05-23__bonirob_2016-05-23-10-42-16_1_frame58,1251936,7104,39,3.115175216624492e-05,0,0.0,7065,0.005643259719346676,3119,0.002491341410423536,3946,0.0031519183089231398,7065,0.005643259719346676,2207,912,2207,0,0,0,912,0,0,0
2016-05-23__bonirob_2016-05-23-10-42-16_1_frame62,1251936,9504,2112,0.001686987194233571,303,0.0002420251514454413,7089,0.005662430028372058,1792,0.0014313830738951511,5297,0.004231046954476906,7392,0.005904455179817499,772,1323,469,0,0,303,1323,0,0,0
2016-05-23__bonirob_2016-05-23-10-42-16_1_frame66,1251936,3840,0,0.0,0,0.0,3840,0.003067249444061038,2735,0.002184616466017432,1105,0.000882632978043606,3840,0.003067249444061038,597,2138,597,0,0,0,2138,0,0,0
2016-05-23__bonirob_2016-05-23-10-42-16_1_frame69,1251936,143920,1189,0.0009497290596324413,126753,0.10124559082892416,15978,0.012762633233647727,5396,0.004310124479206605,10582,0.008452508754441122,142731,0.11400822406257188,132149,0,5396,0,0,126753,0,0,0,0
2016-05-23__bonirob_2016-05-23-10-42-16_1_frame79,1251936,17351,2724,0.002175830074380799,53,4.233443243105079e-05,14574,0.011641170155662909,8919,0.007124166091557396,5655,0.004517004064105513,14627,0.01168350458809396,3143,5829,3090,0,0,53,5829,0,0,0
2016-05-23__bonirob_2016-05-23-10-42-16_1_frame81,1251936,11735,134,0.00010703422539171331,2709,0.0021638486312399357,8892,0.007102599493903842,5619,0.0044882486005674415,3273,0.0026143508933364006,11601,0.009266448125143777,4828,3500,4605,0,0,223,1014,0,0,2486
2016-05-23__bonirob_2016-05-23-10-42-16_1_frame83,1251936,157079,1922,0.0015352222477826342,144478,0.11540366280704445,10679,0.008529988753418705,5166,0.004126409017713366,5513,0.00440357973570534,155157,0.12393365156046315,149644,0,5166,0,0,144478,0,0,0,0
2016-05-23__bonirob_2016-05-23-10-42-16_1_frame88,1251936,5933,0,0.0,16,1.2780206016920992e-05,5917,0.004726279937632595,5400,0.004313319530710835,517,0.00041296040692175956,5933,0.004739060143649516,3248,2168,3232,16,0,0,2168,0,0,0
2016-05-23__bonirob_2016-05-23-10-42-16_1_frame89,1251936,9839,3,2.396288628172686e-06,0,0.0,9836,0.00785663164890218,3862,0.0030848222273343047,5974,0.004771809421567875,9836,0.00785663164890218,3218,644,3218,0,0,0,644,0,0,0
2016-05-23__bonirob_2016-05-23-10-42-16_1_frame94,1251936,15500,931,0.0007436482376095903,695,0.0005551401988600056,13874,0.011082036142422615,7045,0.005627284461825525,6829,0.005454751680597092,14569,0.011637176341282621,6576,1164,5893,0,0,683,1152,0,0,12
2016-05-23__bonirob_2016-05-23-10-42-16_1_frame96,1251936,6197,1595,0.0012740267873118114,0,0.0,4602,0.0036759067556169007,2322,0.001854727398205659,2280,0.0018211793574112415,4602,0.0036759067556169007,1619,703,1619,0,0,0,703,0,0,0
2016-05-23__bonirob_2016-05-23-10-42-16_1_frame104,1251936,11909,3537,0.002825224292615597,0,0.0,8372,0.006687242798353909,6227,0.004973896429210439,2145,0.0017133463691434705,8372,0.006687242798353909,5407,820,5407,0,0,0,820,0,0,0
2016-05-23__bonirob_2016-05-23-10-42-16_1_frame111,1251936,8663,487,0.00038899752064003274,938,0.0007492395777419932,7238,0.005781445696904634,2661,0.0021255080131891728,4577,0.0036559376837154616,8176,0.006530685274646627,2033,1566,1095,0,0,938,1566,0,0,0
2016-05-23__bonirob_2016-05-23-10-42-16_1_frame117,1251936,18491,7102,0.005672813945760805,61,4.872453543951129e-05,11328,0.009048385859980064,5791,0.0046256358152493415,5537,0.004422750044730721,11389,0.009097110395419574,2322,3530,2261,0,0,61,3530,0,0,0
2016-05-23__bonirob_2016-05-23-10-42-16_1_frame124,1251936,7855,0,0.0,302,0.00024122638856938374,7553,0.006033056002862766,5512,0.004402780972829282,2041,0.0016302750300334842,7855,0.00627428239143215,4196,1618,3894,302,0,0,1618,0,0,0
2016-05-23__bonirob_2016-05-23-10-42-16_1_frame125,1251936,175796,256,0.00020448329627073588,162665,0.12993076323390332,12875,0.010284072029241111,7703,0.0061528704342714005,5172,0.004131201594969711,175540,0.14021483526314443,170368,0,7703,0,0,162665,0,0,0,0
2016-05-23__bonirob_2016-05-23-10-42-16_1_frame126,1251936,15499,661,0.0005279822610740485,4876,0.0038947677836566725,9962,0.007957275771285433,6651,0.005312571888658846,3311,0.002644703882626588,14838,0.011852043554942106,6085,5442,4312,0,0,1773,2339,4,0,3099
2016-05-23__bonirob_2016-05-23-10-42-16_1_frame132,1251936,5911,0,0.0,0,0.0,5911,0.00472148736037625,2711,0.0021654461569920506,3200,0.0025560412033841986,5911,0.00472148736037625,1111,1600,1111,0,0,0,1600,0,0,0
2016-05-23__bonirob_2016-05-23-10-42-16_1_frame135,1251936,15355,483,0.00038580246913580245,1917,0.0015312284334023465,12955,0.010347973059325716,10932,0.008732075761061268,2023,0.0016158972982644481,14872,0.011879201492728062,3814,9035,3814,0,0,0,7118,103,0,1814
2016-05-23__bonirob_2016-05-23-10-42-16_1_frame137,1251936,7195,0,0.0,0,0.0,7195,0.005747098893234159,6088,0.0048628683894384375,1107,0.0008842305037957211,7195,0.005747098893234159,4006,2082,4006,0,0,0,2082,0,0,0
2016-05-23__bonirob_2016-05-23-10-42-16_1_frame138,1251936,12200,0,0.0,3952,0.0031567108861794853,8248,0.0065881962017227715,4477,0.003576061396109705,3771,0.0030121348056130664,12200,0.009744907087902257,7936,493,3984,0,0,3952,493,0,0,0
2016-05-23__bonirob_2016-05-23-10-42-16_1_frame139,1251936,9565,392,0.00031311504741456434,3989,0.003186265112593615,5184,0.004140786749482402,3407,0.002721385118728114,1777,0.0014194016307542878,9173,0.007327051862076017,6474,922,2485,0,0,3989,922,0,0,0
2016-05-23__bonirob_2016-05-23-10-42-16_1_frame140,1251936,10995,542,0.0004329294788231986,1917,0.0015312284334023465,8536,0.00681823991002735,6975,0.005571371060501496,1561,0.0012468688495258543,10453,0.008349468343429697,8227,665,6310,0,0,1917,665,0,0,0
2016-05-23__bonirob_2016-05-23-10-42-16_1_frame150,1251936,42060,27455,0.021930034762160367,120,9.585154512690744e-05,14485,0.011570080259693786,2670,0.0021326968790736905,11815,0.009437383380620095,14605,0.011665931804820694,2226,564,2106,120,0,0,564,0,0,0
2016-05-23__bonirob_2016-05-23-10-42-16_1_frame154,1251936,4822,0,0.0,3,2.396288628172686e-06,4819,0.0038492382997213914,4134,0.0033020857296219615,685,0.00054715257009943,4822,0.003851634588349564,1997,2140,1994,3,0,0,2140,0,0,0
2016-05-23__bonirob_2016-05-23-10-42-16_1_frame155,1251936,10868,0,0.0,736,0.0005878894767783657,10132,0.008093065460215218,8443,0.0067439549625539965,1689,0.0013491104976612223,10868,0.008680954936993585,8091,1088,7355,736,0,0,1088,0,0,0
2016-05-23__bonirob_2016-05-23-10-42-16_1_frame158,1251936,13229,3460,0.0027637195511591647,3381,0.002700617283950617,6388,0.005102497252255706,4049,0.003234190885157069,2339,0.0018683063670986376,9769,0.007803114536206324,6509,921,3128,0,0,3381,921,0,0,0
2016-05-23__bonirob_2016-05-23-10-42-16_1_frame160,1251936,14084,6307,0.005037797459295044,468,0.00037382102599493904,7309,0.005838157861104721,4171,0.0033316399560360914,3138,0.0025065179050686296,7777,0.00621197888709966,3340,1299,2872,0,0,468,1299,0,0,0
2016-05-23__bonirob_2016-05-23-10-42-16_1_frame164,1251936,9282,0,0.0,1143,0.0009129859673337934,8139,0.006501131048232497,6004,0.004795772307849603,2135,0.0017053587403828949,9282,0.007414117015566291,6362,785,5219,1143,0,0,785,0,0,0
2016-05-23__bonirob_2016-05-23-10-42-16_1_frame180,1251936,138051,62,4.952329831556885e-05,124199,0.09920555044347315,13790,0.01101494006083378,6225,0.004972298903458324,7565,0.006042641157375457,137989,0.11022049050430693,130424,0,6225,0,0,124199,0,0,0,0
2016-05-23__bonirob_2016-05-23-10-42-16_1_frame185,1251936,12151,0,0.0,368,0.00029394473838918284,11783,0.009411822968586253,6961,0.005560188380236689,4822,0.003851634588349564,12151,0.009705767706975437,6274,1055,6274,0,0,0,687,368,0,0
2016-05-23__bonirob_2016-05-23-10-42-16_1_frame187,1251936,19140,5,3.993814380287811e-06,44,3.514556654653273e-05,19091,0.015249182066814916,8001,0.006390901771336554,11090,0.008858280295478364,19135,0.01528432763336145,7567,478,7556,0,0,11,445,0,0,33
2016-05-23__bonirob_2016-05-23-10-42-16_1_frame189,1251936,13268,284,0.00022684865680034762,914,0.0007300692687166118,12070,0.009641067914014773,6683,0.0053381323006926875,5387,0.004302935613322087,12984,0.010371137182731386,5648,1949,5379,0,0,269,1304,0,0,645
2016-05-23__bonirob_2016-05-23-10-42-16_1_frame193,1251936,19840,11659,0.009312776371955116,444,0.00035465071696955754,7737,0.006180028372057358,2651,0.002117520384428597,5086,0.004062507987628761,8181,0.006534679089026915,1589,1506,1145,0,0,444,1506,0,0,0
2016-05-23__bonirob_2016-05-23-10-42-16_1_frame194,1251936,160271,1218,0.0009728931830381106,136040,0.10866370165887074,23013,0.018381930066712675,8620,0.006885335991616185,14393,0.01149659407509649,159053,0.12704563172558342,144660,0,8620,0,0,136040,0,0,0,0
2016-05-23__bonirob_2016-05-23-10-42-16_1_frame200,1251936,23921,4898,0.003912340566929939,2148,0.0017157426577716433,16875,0.01347912353347136,8673,0.006927670424047236,8202,0.006551453109424124,19023,0.015194866191243004,7639,3182,7530,109,0,0,1143,2039,0,0
2016-05-23__bonirob_2016-05-23-10-42-16_1_frame204,1251936,15186,2254,0.001800411522633745,677,0.0005407624670909695,12255,0.009788839046085423,4270,0.0034107174807657898,7985,0.006378121565319633,12932,0.010329601513176393,4277,670,3600,0,0,677,670,0,0,0
2016-05-23__bonirob_2016-05-23-10-42-16_1_frame217,1251936,24109,0,0.0,12805,0.010228158627917082,11304,0.009029215550954681,8849,0.007068252690233367,2455,0.0019609628607213147,24109,0.019257374178871762,4608,17046,4608,0,0,0,4241,12805,0,0
2016-05-23__bonirob_2016-05-23-10-42-16_1_frame218,1251936,20175,1838,0.0014681261661937991,1976,0.0015783554430897427,16361,0.013068559415177773,10176,0.00812821102676175,6185,0.004940348388416021,18337,0.014646914858267515,11502,650,9595,0,0,1907,581,13,56,0
2016-05-23__bonirob_2016-05-23-10-42-16_1_frame219,1251936,98981,555,0.00044331339621194696,81605,0.06518304450067736,16821,0.013435990338164252,3492,0.0027892799631930067,13329,0.010646710374971245,98426,0.0786190348388416,85097,0,3492,0,0,81605,0,0,0,0
2016-05-23__bonirob_2016-05-23-10-42-16_1_frame230,1251936,26984,5157,0.004119220151828847,10860,0.008674564833985123,10967,0.008760032461723284,6343,0.005066552922833116,4624,0.003693479538890167,21827,0.017434597295708405,4813,12390,2767,0,0,2046,3576,7778,164,872
2016-05-23__bonirob_2016-05-23-10-42-16_1_frame231,1251936,18104,88,7.029113309306545e-05,4479,0.0035776589218618204,13537,0.010812853053191218,2300,0.0018371546149323927,11237,0.008975698438258824,18016,0.014390511975053038,6244,535,1765,0,0,4479,535,0,0,0
2016-05-23__bonirob_2016-05-23-10-42-16_1_frame232,1251936,102221,374,0.0002987373156455282,84978,0.06787727168161951,16869,0.013474330956215015,3863,0.0030856209902103623,13006,0.010388709966004652,101847,0.08135160263783452,88841,0,3863,0,0,84978,0,0,0,0
2016-05-23__bonirob_2016-05-23-10-42-16_1_frame240,1251936,10687,281,0.00022445236817217494,151,0.00012061319428469187,10255,0.008191313293970298,6173,0.00493076323390333,4082,0.0032605500600669684,10406,0.008311926488254991,5675,649,5524,0,0,151,649,0,0,0
2016-05-23__bonirob_2016-05-23-10-42-16_1_frame253,1251936,10185,40,3.1950515042302485e-05,467,0.0003730222631188815,9678,0.007730427114485085,4359,0.0034818073767349128,5319,0.004248619737750173,10145,0.008103449377603968,3896,930,3429,0,0,467,930,0,0,0
2016-05-23__bonirob_2016-05-23-10-42-16_1_frame254,1251936,18734,12450,0.009944597806916648,211,0.0001685389668481456,6073,0.004850886946297575,1718,0.0013722746210668916,4355,0.0034786123252306825,6284,0.00501942591314572,397,1532,396,0,0,1,1322,210,0,0
2016-05-23__bonirob_2016-05-23-10-42-16_1_frame261,1251936,19508,1108,0.0008850292666717788,131,0.00010463793676354063,18269,0.0145925989826956,2688,0.0021470746108427268,15581,0.012445524371852874,18400,0.014697236919459141,2535,284,2404,0,0,131,284,0,0,0
2016-05-23__bonirob_2016-05-23-10-42-16_1_frame266,1251936,8963,1332,0.0010639521509086727,0,0.0,7631,0.006095359507195256,3047,0.0024338304833473917,4584,0.0036615290238478644,7631,0.006095359507195256,2074,973,2074,0,0,0,973,0,0,0
2016-05-23__bonirob_2016-05-23-10-42-16_1_frame274,1251936,183326,404,0.00032270020192725507,167950,0.13415222503386753,14972,0.011959077780333819,7659,0.006117724867724867,7313,0.005841352912608951,182922,0.14611130281420137,175609,0,7659,0,0,167950,0,0,0,0
2016-05-23__bonirob_2016-05-23-10-42-16_1_frame277,1251936,19883,282,0.0002252511310482325,1923,0.0015360210106586919,17678,0.014120530122945582,9018,0.007203243616287095,8660,0.006917286506658488,19601,0.015656551133604275,9358,1583,7435,0,0,1923,1583,0,0,0
2016-05-23__bonirob_2016-05-23-10-42-16_1_frame280,1251936,70453,227,0.0001813191728650666,62725,0.05010240140071058,7501,0.005991520333307773,938,0.0007492395777419932,6563,0.005242280755565779,70226,0.05609392173401835,63663,0,938,0,0,62725,0,0,0,0
2016-05-23__bonirob_2016-05-23-10-42-16_1_frame281,1251936,17466,1329,0.0010615558622804999,194,0.00015495999795516705,15943,0.012734676532985711,1056,0.0008434935971167856,14887,0.011891182935868926,16137,0.01288963653094088,844,406,650,0,0,194,406,0,0,0
2016-05-23__bonirob_2016-05-23-10-42-16_1_frame286,1251936,8219,230,0.00018371546149323928,14,1.1182680264805868e-05,7975,0.006370133936559057,1761,0.0014066214247373668,6214,0.004963512511821691,7989,0.006381316616823863,910,865,896,0,0,14,865,0,0,0
2016-05-23__bonirob_2016-05-23-10-42-16_1_frame292,1251936,14344,666,0.0005319760754543363,1881,0.0015024729698642743,11797,0.00942300564885106,5111,0.0040824770595301995,6686,0.00534052858932086,13678,0.010925478618715333,2332,4660,2184,0,0,148,2927,367,0,1366
2016-05-23__bonirob_2016-05-23-10-42-16_1_frame293,1251936,102454,208,0.0001661426782199729,88330,0.07055472484216446,13916,0.011115584183217033,2830,0.0022604989392429006,11086,0.008855085243974133,102246,0.08167030902538149,91160,0,2830,0,0,88330,0,0,0,0
2016-05-23__bonirob_2016-05-23-10-42-16_1_frame294,1251936,129958,964,0.0007700074125194898,111648,0.08918027758607469,17346,0.013855340848094472,3950,0.00315511336042737,13396,0.0107002274876671,128994,0.10303561843416915,115598,0,3950,0,0,111648,0,0,0,0
2016-05-23__bonirob_2016-05-23-10-42-16_1_frame295,1251936,11496,4036,0.0032238069677683204,0,0.0,7460,0.0059587710553894125,127,0.00010144288525931038,7333,0.005857328170130103,7460,0.0059587710553894125,4,123,4,0,0,0,123,0,0,0
2016-05-23__bonirob_2016-05-23-10-42-16_1_frame304,1251936,57064,796,0.0006358152493418194,28171,0.02250194898141758,28097,0.02244284052858932,1560,0.0012460700866497969,26537,0.021196770441939523,56268,0.044944789510006904,29731,0,1560,0,0,28171,0,0,0,0
2016-05-23__bonirob_2016-05-23-10-47-22_2_frame7,1251936,111957,349,0.00027876824374408913,90038,0.07191901183447078,21570,0.017229315236561613,2656,0.002121514198808885,18914,0.015107801037752729,111608,0.08914832707103239,92694,0,2656,0,0,90038,0,0,0,0
2016-05-23__bonirob_2016-05-23-10-47-22_2_frame15,1251936,15587,1702,0.0013594944150499707,3205,0.0025600350177644865,10680,0.008530787516294762,2368,0.001891470490504307,8312,0.006639317025790455,13885,0.011090822534059248,4579,994,1374,0,0,3205,994,0,0,0
2016-05-23__bonirob_2016-05-23-10-47-22_2_frame24,1251936,5134,0,0.0,0,0.0,5134,0.004100848605679524,1825,0.0014577422488050507,3309,0.0026431063568744728,5134,0.004100848605679524,494,1331,494,0,0,0,1331,0,0,0
2016-05-23__bonirob_2016-05-23-10-47-22_2_frame26,1251936,11491,3403,0.0027181900672238837,0,0.0,8088,0.006460394141553562,2124,0.0016965723487462618,5964,0.0047638217928073,8088,0.006460394141553562,565,1559,565,0,0,0,1559,0,0,0
2016-05-23__bonirob_2016-05-23-10-47-22_2_frame43,1251936,21768,106,8.466886486210158e-05,221,0.0001765265956087212,21441,0.017126274825550188,3619,0.002890722848452317,17822,0.01423555197709787,21662,0.01730280142115891,3262,578,3041,0,0,221,578,0,0,0
2016-05-23__bonirob_2016-05-23-10-47-22_2_frame44,1251936,18378,11007,0.008791982976765585,0,0.0,7371,0.00588768115942029,1311,0.0010471781305114638,6060,0.004840503028908826,7371,0.00588768115942029,277,1034,277,0,0,0,1034,0,0,0
2016-05-23__bonirob_2016-05-23-10-47-22_2_frame47,1251936,6487,2294,0.0018323620376760473,0,0.0,4193,0.0033492127393093575,626,0.0005000255604120338,3567,0.002849187178897324,4193,0.0033492127393093575,1,625,1,0,0,0,625,0,0,0
2016-05-23__bonirob_2016-05-23-10-47-22_2_frame67,1251936,5776,1456,0.0011629987475398104,0,0.0,4320,0.003450655624568668,1884,0.0015048692584924469,2436,0.0019457863660762211,4320,0.003450655624568668,307,1577,307,0,0,0,1577,0,0,0
2016-05-23__bonirob_2016-05-23-10-47-22_2_frame68,1251936,3652,0,0.0,0,0.0,3652,0.0029170820233622168,3084,0.002463384709761521,568,0.00045369731360069525,3652,0.0029170820233622168,1829,1255,1829,0,0,0,1255,0,0,0
2016-05-23__bonirob_2016-05-23-10-47-22_2_frame69,1251936,3339,0,0.0,1,7.98762876057562e-07,3338,0.002666270480280142,2677,0.0021382882192060937,661,0.0005279822610740485,3339,0.0026670692431562,1207,1471,1206,1,0,0,1471,0,0,0
2016-05-23__bonirob_2016-05-23-10-47-22_2_frame70,1251936,2781,0,0.0,0,0.0,2781,0.00222135955831608,2177,0.0017389067811773126,604,0.0004824527771387675,2781,0.00222135955831608,131,2046,131,0,0,0,2046,0,0,0
2016-05-23__bonirob_2016-05-23-10-47-22_2_frame78,1251936,6968,0,0.0,0,0.0,6968,0.005565779720369092,6697,0.005349314980957493,271,0.0002164647394115993,6968,0.005565779720369092,5314,1383,5314,0,0,0,1383,0,0,0
2016-05-23__bonirob_2016-05-23-10-47-22_2_frame82,1251936,6177,247,0.00019729443038621783,0,0.0,5930,0.004736663855021343,4981,0.003978637885642716,949,0.0007580259693786264,5930,0.004736663855021343,2931,2050,2931,0,0,0,2050,0,0,0
2016-05-23__bonirob_2016-05-23-10-47-22_2_frame86,1251936,6824,2648,0.0021151240958004244,0,0.0,4176,0.0033356337704163793,2893,0.002310821000434527,1283,0.001024812769981852,4176,0.0033356337704163793,1522,1371,1522,0,0,0,1371,0,0,0
2016-05-23__bonirob_2016-05-23-10-47-22_2_frame89,1251936,2681,0,0.0,95,7.588247322546839e-05,2586,0.0020656007974848554,2014,0.00160870843237993,572,0.0004568923651049255,2681,0.002141483270710324,361,1748,266,95,0,0,1748,0,0,0
2016-05-23__bonirob_2016-05-23-10-47-22_2_frame91,1251936,5594,125,9.984535950719526e-05,0,0.0,5469,0.004368434169158807,4373,0.003492990056999719,1096,0.000875444112159088,5469,0.004368434169158807,3001,1372,3001,0,0,0,1372,0,0,0
2016-05-23__bonirob_2016-05-23-10-47-22_2_frame95,1251936,1671,0,0.0,0,0.0,1671,0.0013347327658921862,1481,0.0011829678194412495,190,0.00015176494645093678,1671,0.0013347327658921862,195,1286,195,0,0,0,1286,0,0,0
2016-05-23__bonirob_2016-05-23-10-47-22_2_frame99,1251936,4021,431,0.00034426679958080925,66,5.27183498197991e-05,3524,0.0028148403752268486,2379,0.00190025688214094,1145,0.0009145834930859085,3590,0.002867558725046648,304,2141,304,0,0,0,2075,66,0,0
2016-05-23__bonirob_2016-05-23-10-47-22_2_frame102,1251936,3328,626,0.0005000255604120338,0,0.0,2702,0.002158257291107533,2185,0.0017452968841857731,517,0.00041296040692175956,2702,0.002158257291107533,1114,1071,1114,0,0,0,1071,0,0,0
2016-05-23__bonirob_2016-05-23-10-47-22_2_frame104,1251936,5247,0,0.0,0,0.0,5247,0.004191108810674028,4971,0.003970650256882141,276,0.0002204585537918871,5247,0.004191108810674028,3977,994,3977,0,0,0,994,0,0,0
2016-05-23__bonirob_2016-05-23-10-47-22_2_frame115,1251936,6070,1212,0.0009681006057817652,0,0.0,4858,0.0038803900518876366,3216,0.0025688214094011196,1642,0.0013115686424865168,4858,0.0038803900518876366,1792,1424,1792,0,0,0,1424,0,0,0
2016-05-23__bonirob_2016-05-23-10-47-22_2_frame133,1251936,8683,319,0.0002548053574623623,1875,0.0014976803926079287,6489,0.00518317230273752,3860,0.0030832247015821893,2629,0.002099947601155331,8364,0.006680852695345449,4881,854,3006,0,0,1875,854,0,0,0
2016-05-23__bonirob_2016-05-23-10-47-22_2_frame139,1251936,7816,3347,0.0026734593461646603,0,0.0,4469,0.0035696712931012446,2878,0.0022988395572936635,1591,0.0012708317358075811,4469,0.0035696712931012446,457,2421,457,0,0,0,2421,0,0,0
2016-05-23__bonirob_2016-05-23-10-47-22_2_frame140,1251936,9129,1677,0.0013395253431485316,0,0.0,7452,0.005952380952380952,6059,0.004839704266032768,1393,0.001112676686348184,7452,0.005952380952380952,4904,1155,4904,0,0,0,1155,0,0,0
2016-05-23__bonirob_2016-05-23-10-47-22_2_frame143,1251936,3588,0,0.0,0,0.0,3588,0.0028659611992945325,1112,0.000888224318176009,2476,0.0019777368811185235,3588,0.0028659611992945325,88,1024,88,0,0,0,1024,0,0,0
2016-05-23__bonirob_2016-05-23-10-47-22_2_frame144,1251936,2813,0,0.0,0,0.0,2813,0.002246919970349922,2047,0.0016350676072898296,766,0.0006118523630600925,2813,0.002246919970349922,709,1338,709,0,0,0,1338,0,0,0
2016-05-23__bonirob_2016-05-23-10-47-22_2_frame146,1251936,3464,0,0.0,71,5.6712164200086906e-05,3393,0.002710202438463308,1902,0.001519246990261483,1491,0.001190955448201825,3464,0.002766914602663395,314,1659,314,0,0,0,1588,71,0,0
2016-05-23__bonirob_2016-05-23-10-47-22_2_frame157,1251936,3264,0,0.0,0,0.0,3264,0.0026071620274518825,2807,0.002242127393093577,457,0.0003650346343583059,3264,0.0026071620274518825,1212,1595,1212,0,0,0,1595,0,0,0
2016-05-23__bonirob_2016-05-23-10-47-22_2_frame163,1251936,7345,0,0.0,213,0.00017013649260026072,7132,0.005696776832042533,6060,0.004840503028908826,1072,0.0008562738031337065,7345,0.005866913324642793,2322,3951,2322,0,0,0,3738,213,0,0
2016-05-23__bonirob_2016-05-23-10-47-22_2_frame175,1251936,6736,750,0.0005990721570431715,0,0.0,5986,0.0047813945760805665,2852,0.002278071722516167,3134,0.0025033228535643994,5986,0.0047813945760805665,1271,1581,1271,0,0,0,1581,0,0,0
2016-05-23__bonirob_2016-05-23-10-47-22_2_frame190,1251936,5112,0,0.0,0,0.0,5112,0.004083275822406258,2722,0.002174232548628684,2390,0.0019090432737775733,5112,0.004083275822406258,1523,1199,1523,0,0,0,1199,0,0,0
2016-05-23__bonirob_2016-05-23-10-47-22_2_frame191,1251936,33907,0,0.0,26184,0.020914807146691205,7723,0.006168845691792552,5763,0.00460327045471973,1960,0.0015655752370728217,33907,0.027083652838483758,1631,30316,1631,0,0,0,4132,25905,2,277
2016-05-23__bonirob_2016-05-23-10-47-22_2_frame200,1251936,7616,1239,0.0009896672034353194,11,8.786391636633182e-06,6366,0.00508492446898244,4758,0.00380051376428188,1608,0.0012844107047005598,6377,0.005093710860619073,3847,922,3836,0,0,11,922,0,0,0
2016-05-23__bonirob_2016-05-23-10-47-22_2_frame206,1251936,7721,0,0.0,0,0.0,7721,0.006167248166040437,5007,0.003999405720420213,2714,0.0021678424456202236,7721,0.006167248166040437,3900,1107,3900,0,0,0,1107,0,0,0
2016-05-23__bonirob_2016-05-23-10-47-22_2_frame207,1251936,135305,0,0.0,112573,0.08991913324642793,22732,0.0181574776985405,21374,0.017072757712854332,1358,0.0010847199856861692,135305,0.10807661094496843,2833,131114,2833,0,0,0,18541,46578,65125,870
2016-05-23__bonirob_2016-05-23-10-47-22_2_frame209,1251936,3739,0,0.0,0,0.0,3739,0.0029865743935792244,2476,0.0019777368811185235,1263,0.0010088375124607009,3739,0.0029865743935792244,828,1648,828,0,0,0,1648,0,0,0
2016-05-23__bonirob_2016-05-23-10-47-22_2_frame215,1251936,5355,0,0.0,0,0.0,5355,0.004277375201288245,3813,0.003045682846407484,1542,0.0012316923548807606,5355,0.004277375201288245,2451,1362,2451,0,0,0,1362,0,0,0
2016-05-23__bonirob_2016-05-23-10-47-22_2_frame218,1251936,5886,0,0.0,0,0.0,5886,0.00470151828847481,4160,0.003322853564399458,1726,0.0013786647240753521,5886,0.00470151828847481,2937,1223,2937,0,0,0,1223,0,0,0
2016-05-23__bonirob_2016-05-23-10-47-22_2_frame220,1251936,4479,0,0.0,0,0.0,4479,0.0035776589218618204,3832,0.0030608593410525776,647,0.0005167995808092427,4479,0.0035776589218618204,3069,763,3069,0,0,0,763,0,0,0
2016-05-23__bonirob_2016-05-23-10-47-22_2_frame221,1251936,3437,0,0.0,0,0.0,3437,0.002745348005009841,2728,0.002179025125885029,709,0.0005663228791248115,3437,0.002745348005009841,1008,1720,1008,0,0,0,1720,0,0,0
2016-05-23__bonirob_2016-05-23-10-47-22_2_frame231,1251936,3918,0,0.0,0,0.0,3918,0.003129552948393528,3404,0.0027189888300999413,514,0.0004105641182935869,3918,0.003129552948393528,2044,1360,2044,0,0,0,1360,0,0,0
2016-05-23__bonirob_2016-05-23-10-47-22_2_frame236,1251936,5602,2094,0.001672609462464535,110,8.786391636633182e-05,3398,0.0027141962528435958,2379,0.00190025688214094,1019,0.0008139393707026557,3508,0.0028020601692099276,473,2016,363,0,0,110,2016,0,0,0
2016-05-23__bonirob_2016-05-23-10-47-22_2_frame238,1251936,3802,0,0.0,0,0.0,3802,0.003036896454770851,2955,0.0023603442987500957,847,0.0006765521560207551,3802,0.003036896454770851,967,1988,967,0,0,0,1988,0,0,0
2016-05-23__bonirob_2016-05-23-10-47-22_2_frame239,1251936,3558,0,0.0,0,0.0,3558,0.002841998313012806,2839,0.0022676878051274187,719,0.0005743105078853871,3558,0.002841998313012806,1533,1306,1533,0,0,0,1306,0,0,0
2016-05-23__bonirob_2016-05-23-10-47-22_2_frame244,1251936,4108,0,0.0,0,0.0,4108,0.0032813178948444648,3201,0.0025568399662602563,907,0.0007244779285842088,4108,0.0032813178948444648,2073,1128,2073,0,0,0,1128,0,0,0
2016-05-23__bonirob_2016-05-23-10-47-22_2_frame248,1251936,3569,0,0.0,0,0.0,3569,0.002850784704649439,3398,0.0027141962528435958,171,0.0001365884518058431,3569,0.002850784704649439,1658,1740,1658,0,0,0,1740,0,0,0
2016-05-23__bonirob_2016-05-23-10-47-22_2_frame254,1251936,3305,0,0.0,0,0.0,3305,0.0026399113053702425,2526,0.0020176750249214018,779,0.0006222362804488409,3305,0.0026399113053702425,192,2334,192,0,0,0,2334,0,0,0
2016-05-23__bonirob_2016-05-23-10-47-22_2_frame256,1251936,4437,0,0.0,0,0.0,4437,0.0035441108810674027,3989,0.003186265112593615,448,0.0003578457684737878,4437,0.0035441108810674027,1750,2239,1750,0,0,0,2239,0,0,0
2016-05-23__bonirob_2016-05-23-10-47-22_2_frame259,1251936,7950,4075,0.003254958719934565,0,0.0,3875,0.003095206144723053,2453,0.0019593653349691998,1422,0.0011358408097538533,3875,0.003095206144723053,760,1693,760,0,0,0,1693,0,0,0
2016-05-23__bonirob_2016-05-23-10-47-22_2_frame268,1251936,6894,12,9.585154512690744e-06,0,0.0,6882,0.005497086113028142,4243,0.0033891508831122357,2639,0.002107935229915906,6882,0.005497086113028142,2663,1580,2663,0,0,0,1580,0,0,0
2016-05-23__bonirob_2016-05-23-10-47-22_2_frame269,1251936,24780,7,5.591340132402934e-06,0,0.0,24773,0.019787752728573985,9482,0.007573869590777803,15291,0.01221388313779618,24773,0.019787752728573985,9140,342,9140,0,0,0,342,0,0,0
2016-05-23__bonirob_2016-05-23-10-47-22_2_frame285,1251936,5227,0,0.0,0,0.0,5227,0.004175133553152877,4880,0.0038979628351609027,347,0.000277170717991974,5227,0.004175133553152877,3127,1753,3127,0,0,0,1753,0,0,0
2016-05-23__bonirob_2016-05-23-10-47-22_2_frame289,1251936,5804,1445,0.001154212355903177,0,0.0,4359,0.0034818073767349128,3654,0.0029186795491143317,705,0.0005631278276205813,4359,0.0034818073767349128,2010,1644,2010,0,0,0,1644,0,0,0
2016-05-23__bonirob_2016-05-23-10-47-22_2_frame297,1251936,7706,186,0.00014856989494670654,357,0.00028515834675254967,7163,0.0057215384812003165,3767,0.003008939754108836,3396,0.002712598727091481,7520,0.006006696827952867,3269,855,2912,0,0,357,855,0,0,0
2016-05-23__bonirob_2016-05-23-10-47-22_2_frame300,1251936,7480,0,0.0,0,0.0,7480,0.005974746312910564,6844,0.0054667331237379544,636,0.0005080131891726094,7480,0.005974746312910564,6145,699,6145,0,0,0,699,0,0,0
2016-05-23__bonirob_2016-05-23-10-47-22_2_frame304,1251936,8363,0,0.0,1470,0.0011741814278046162,6893,0.0055058725046647754,5876,0.004693530659714234,1017,0.0008123418449505406,8363,0.006680053932469392,6018,1328,4624,1394,0,0,1252,76,0,0
2016-05-23__bonirob_2016-05-23-10-52-28_3_frame1,1251936,6014,0,0.0,0,0.0,6014,0.004803759936610178,5211,0.004162353347135956,803,0.0006414065894742223,6014,0.004803759936610178,1873,3338,1873,0,0,0,3338,0,0,0
2016-05-23__bonirob_2016-05-23-10-52-28_3_frame6,1251936,4998,0,0.0,0,0.0,4998,0.0039922168545356955,4838,0.0038644147943664854,160,0.00012780206016920994,4998,0.0039922168545356955,1010,3828,1010,0,0,0,3828,0,0,0
2016-05-23__bonirob_2016-05-23-10-52-28_3_frame8,1251936,6694,2865,0.002288455639904915,0,0.0,3829,0.003058463052424405,2358,0.0018834828617437314,1471,0.0011749801906806737,3829,0.003058463052424405,213,2145,213,0,0,0,2145,0,0,0
2016-05-23__bonirob_2016-05-23-10-52-28_3_frame15,1251936,9426,435,0.0003474618510850395,368,0.00029394473838918284,8623,0.006887732280244358,5811,0.004641611072770493,2812,0.0022461212074738643,8991,0.00718167701863354,5186,993,4818,0,0,368,993,0,0,0
2016-05-23__bonirob_2016-05-23-10-52-28_3_frame19,1251936,18273,8107,0.006475570636198655,1873,0.0014960828668558136,8293,0.006624140531145362,5313,0.004243827160493827,2980,0.002380313370651535,10166,0.008120223398001176,3162,4024,3162,0,0,0,2151,1873,0,0
2016-05-23__bonirob_2016-05-23-10-52-28_3_frame26,1251936,6271,2,1.597525752115124e-06,0,0.0,6269,0.005007444470004857,4075,0.003254958719934565,2194,0.001752485750070291,6269,0.005007444470004857,3478,597,3478,0,0,0,597,0,0,0
2016-05-23__bonirob_2016-05-23-10-52-28_3_frame29,1251936,8192,152,0.00012141195716074943,0,0.0,8040,0.006422053523502799,4973,0.003972247782634256,3067,0.002449805740868543,8040,0.006422053523502799,3807,1166,3807,0,0,0,1166,0,0,0
2016-05-23__bonirob_2016-05-23-10-52-28_3_frame32,1251936,4217,0,0.0,0,0.0,4217,0.003368383048334739,3581,0.0028603698591621297,636,0.0005080131891726094,4217,0.003368383048334739,1812,1769,1812,0,0,0,1769,0,0,0
2016-05-23__bonirob_2016-05-23-10-52-28_3_frame34,1251936,14746,2885,0.0023044308974260663,16,1.2780206016920992e-05,11845,0.009461346266901823,882,0.0007045088566827697,10963,0.008756837410219053,11861,0.009474126472918743,173,725,173,0,0,0,709,16,0,0
2016-05-23__bonirob_2016-05-23-10-52-28_3_frame36,1251936,10587,131,0.00010463793676354063,0,0.0,10456,0.008351864632057868,2288,0.001827569460419702,8168,0.006524295171638167,10456,0.008351864632057868,1459,829,1459,0,0,0,829,0,0,0
2016-05-23__bonirob_2016-05-23-10-52-28_3_frame48,1251936,87501,292,0.0002332387598088081,80696,0.06445696904634103,6513,0.005202342611762902,1836,0.001466528640441684,4677,0.0037358139713212176,87209,0.06965931165810393,82532,0,1836,0,0,80696,0,0,0,0
2016-05-23__bonirob_2016-05-23-10-52-28_3_frame65,1251936,8828,2897,0.0023140160519387575,1095,0.0008746453492830304,4836,0.00386281726861437,3113,0.0024865488331671905,1723,0.0013762684354471793,5931,0.0047374626178974,2510,1698,1415,0,0,1095,1698,0,0,0
2016-05-23__bonirob_2016-05-23-10-52-28_3_frame67,1251936,8340,3466,0.00276851212841551,606,0.0004840503028908826,4268,0.003409119955013675,1026,0.0008195307108350586,3242,0.0025895892441786163,4874,0.0038931702579045576,912,720,306,0,0,606,720,0,0,0
2016-05-23__bonirob_2016-05-23-10-52-28_3_frame73,1251936,8041,3264,0.0026071620274518825,0,0.0,4777,0.003815690258926974,644,0.00051440329218107,4133,0.003301286966745904,4777,0.003815690258926974,335,309,335,0,0,0,309,0,0,0
2016-05-23__bonirob_2016-05-23-10-52-28_3_frame83,1251936,14926,1144,0.000913784730209851,0,0.0,13782,0.01100854995782532,1729,0.0013810610127035247,12053,0.009627488945121795,13782,0.01100854995782532,788,941,788,0,0,0,941,0,0,0
2016-05-23__bonirob_2016-05-23-10-52-28_3_frame85,1251936,15592,9428,0.007530736395470695,0,0.0,6164,0.0049235743680188125,1000,0.0007987628760575621,5164,0.00412481149196125,6164,0.0049235743680188125,476,524,476,0,0,0,524,0,0,0
2016-05-23__bonirob_2016-05-23-10-52-28_3_frame89,1251936,92964,3178,0.002538468420110932,64983,0.05190600797484855,24803,0.019811715614855712,2456,0.0019617616235973723,22347,0.017849953991258338,89786,0.07171772358970427,67439,0,2456,0,0,64983,0,0,0,0
2016-05-23__bonirob_2016-05-23-10-52-28_3_frame96,1251936,38882,8397,0.006707211870255349,0,0.0,30485,0.02435028627661478,2855,0.0022804680111443397,27630,0.02206981826547044,30485,0.02435028627661478,2460,395,2460,0,0,0,395,0,0,0
2016-05-23__bonirob_2016-05-23-10-52-28_3_frame101,1251936,135216,0,0.0,31930,0.025504498632517955,103286,0.08250102241648136,3634,0.0029027042915931805,99652,0.07959831812488817,135216,0.10800552104899931,35564,0,3634,31930,0,0,0,0,0,0
2016-05-23__bonirob_2016-05-23-10-52-28_3_frame103,1251936,69570,0,0.0,2936,0.002345167804105002,66634,0.05322476548321959,153,0.000122210720036807,66481,0.053102554763182784,69570,0.05556993328732459,1868,1221,73,1795,0,0,80,1141,0,0
2016-05-23__bonirob_2016-05-23-10-52-28_3_frame105,1251936,44625,35,2.7956700662014673e-05,1299,0.001037592975998773,43291,0.034579243667407916,2665,0.002128703064693403,40626,0.03245054060271452,44590,0.035616836643406695,1698,2266,1697,1,0,0,968,1298,0,0
2016-05-23__bonirob_2016-05-23-10-52-28_3_frame119,1251936,20023,0,0.0,0,0.0,20023,0.015993629067300563,1781,0.001422596682258518,18242,0.014571032385042046,20023,0.015993629067300563,1399,382,1399,0,0,0,382,0,0,0
2016-05-23__bonirob_2016-05-23-10-52-28_3_frame120,1251936,16669,0,0.0,174,0.00013898474043401579,16495,0.013175593640569486,2218,0.0017716560590956727,14277,0.011403937581473813,16669,0.013314578381003502,1080,1312,1080,0,0,0,1138,174,0,0
2016-05-23__bonirob_2016-05-23-10-52-28_3_frame123,1251936,20122,0,0.0,26,2.0767834777496612e-05,20096,0.016051938757252766,1151,0.0009193760703422539,18945,0.015132562686910513,20122,0.016072706592030264,667,510,641,26,0,0,510,0,0,0
2016-05-23__bonirob_2016-05-23-10-52-28_3_frame124,1251936,25155,0,0.0,5398,0.00431172200495872,19757,0.015781158142269252,4133,0.003301286966745904,15624,0.01247987117552335,25155,0.020092880147227973,5375,4156,3050,2325,0,0,1083,3073,0,0
2016-05-23__bonirob_2016-05-23-10-52-28_3_frame126,1251936,30025,0,0.0,4733,0.003780544692380441,25292,0.02020231066124786,1341,0.0010711410167931906,23951,0.01913116964445467,30025,0.0239828553536283,5638,436,947,4691,0,0,394,42,0,0
2016-05-23__bonirob_2016-05-23-10-52-28_3_frame129,1251936,18998,0,0.0,3605,0.002879540168187511,15393,0.012295356951154053,1930,0.0015416123507910947,13463,0.010753744600362958,18998,0.015174897119341564,4770,765,1165,3605,0,0,765,0,0,0
2016-05-23__bonirob_2016-05-23-10-52-28_3_frame134,1251936,44486,0,0.0,5234,0.004180724893285279,39252,0.031353040411011425,1798,0.0014361756511514965,37454,0.02991686475985993,44486,0.03553376530429671,2588,4444,881,1707,0,0,917,3527,0,0
2016-05-23__bonirob_2016-05-23-10-52-28_3_frame138,1251936,13193,0,0.0,2440,0.0019489814175804514,10753,0.008589097206246964,3351,0.0026766543976688905,7402,0.005912442808578075,13193,0.010538078623827416,1807,3984,1806,1,0,0,1545,2439,0,0
2016-05-23__bonirob_2016-05-23-10-52-28_3_frame142,1251936,14908,27,2.1566597653554176e-05,0,0.0,14881,0.01188639035861258,3148,0.0025145055338292054,11733,0.009371884824783376,14881,0.01188639035861258,2554,594,2554,0,0,0,594,0,0,0
2016-05-23__bonirob_2016-05-23-10-52-28_3_frame145,1251936,68367,0,0.0,13673,0.010921484804335045,54694,0.0436875367430923,1259,0.0010056424609564706,53435,0.04268189428213583,68367,0.05460902154742735,14932,0,1259,13673,0,0,0,0,0,0
2016-05-23__bonirob_2016-05-23-10-52-28_3_frame150,1251936,11271,0,0.0,1679,0.0013411228689006467,9592,0.007661733507144135,1430,0.0011422309127623138,8162,0.0065195025943818215,11271,0.009002856376044782,398,2711,398,0,0,0,1032,1679,0,0
2016-05-23__bonirob_2016-05-23-10-52-28_3_frame171,1251936,23514,0,0.0,4016,0.003207831710247169,19498,0.015574278557370345,1474,0.0011773764793088465,18024,0.014396902078061498,23514,0.018782110267617513,2477,3013,572,1905,0,0,902,2111,0,0
2016-05-23__bonirob_2016-05-23-10-52-28_3_frame175,1251936,44097,0,0.0,18286,0.01460617795158858,25811,0.020616868593921735,963,0.0007692086496434322,24848,0.0198476599442783,44097,0.03522304654551031,18151,1098,632,17519,0,0,331,767,0,0
2016-05-23__bonirob_2016-05-23-10-52-28_3_frame254,1251936,9841,0,0.0,3172,0.002533675842854587,6669,0.005326949620427881,646,0.0005160008179331851,6023,0.004810948802494696,9841,0.007860625463282468,3285,533,133,3152,0,0,513,20,0,0
2016-05-23__bonirob_2016-05-23-10-52-28_3_frame257,1251936,6607,0,0.0,1798,0.0014361756511514965,4809,0.003841250670960816,979,0.0007819888556603533,3830,0.0030592618153004627,6607,0.0052774263221123125,2073,704,275,1798,0,0,704,0,0,0
2016-05-23__bonirob_2016-05-23-10-52-28_3_frame263,1251936,8732,33,2.635917490989955e-05,0,0.0,8699,0.006948438258824732,1498,0.001196546788334228,7201,0.0057518914704905045,8699,0.006948438258824732,740,758,740,0,0,0,758,0,0,0
2016-05-23__bonirob_2016-05-23-10-52-28_3_frame279,1251936,7704,0,0.0,0,0.0,7704,0.006153669197147458,2793,0.0022309447128287707,4911,0.003922724484318687,7704,0.006153669197147458,1626,1167,1626,0,0,0,1167,0,0,0
2016-05-23__bonirob_2016-05-23-10-52-28_3_frame283,1251936,6214,399,0.00031870638754696726,0,0.0,5815,0.004644806124274723,1640,0.0013099711167344017,4175,0.0033348350075403216,5815,0.004644806124274723,651,989,651,0,0,0,989,0,0,0
2016-05-23__bonirob_2016-05-23-10-52-28_3_frame285,1251936,7858,0,0.0,0,0.0,7858,0.006276678680060322,1491,0.001190955448201825,6367,0.005085723231858497,7858,0.006276678680060322,572,919,572,0,0,0,919,0,0,0
2016-05-23__bonirob_2016-05-23-10-52-28_3_frame289,1251936,7100,0,0.0,861,0.0006877348362855609,6239,0.004983481583723129,1972,0.0015751603915855124,4267,0.003408321192137617,7100,0.005671216420008691,575,2258,575,0,0,0,1397,861,0,0
2016-05-23__bonirob_2016-05-23-10-52-28_3_frame292,1251936,4393,0,0.0,0,0.0,4393,0.00350896531452087,493,0.0003937900978963781,3900,0.003115175216624492,4393,0.00350896531452087,102,391,102,0,0,0,391,0,0,0
2016-05-23__bonirob_2016-05-23-10-57-33_4_frame4,1251936,4780,0,0.0,567,0.0004528985507246377,4213,0.0033651879968305087,3366,0.002688635840809754,847,0.0006765521560207551,4780,0.0038180865475551467,2775,1158,2654,121,0,0,712,446,0,0
2016-05-23__bonirob_2016-05-23-10-57-33_4_frame6,1251936,5536,0,0.0,902,0.0007204841142039209,4634,0.0037014671676507426,1528,0.0012205096746159547,3106,0.0024809574930347877,5536,0.004421951281854663,1009,1421,1001,8,0,0,527,894,0,0
2016-05-23__bonirob_2016-05-23-10-57-33_4_frame7,1251936,10956,0,0.0,6266,0.005005048181376683,4690,0.003746197888709966,2051,0.0016382626587940598,2639,0.002107935229915906,10956,0.008751246070086649,7242,1075,1657,5585,0,0,394,681,0,0
2016-05-23__bonirob_2016-05-23-10-57-33_4_frame11,1251936,5678,0,0.0,0,0.0,5678,0.0045353756102548375,2693,0.0021510684252230147,2985,0.0023843071850318228,5678,0.0045353756102548375,2199,494,2199,0,0,0,494,0,0,0
2016-05-23__bonirob_2016-05-23-10-57-33_4_frame25,1251936,8111,0,0.0,208,0.0001661426782199729,7903,0.0063126230094829126,1646,0.001314763693990747,6257,0.004997859315492166,8111,0.006478765687702886,819,1035,817,2,0,0,829,206,0,0
2016-05-23__bonirob_2016-05-23-10-57-33_4_frame26,1251936,6722,0,0.0,186,0.00014856989494670654,6536,0.005220714157912225,2244,0.0017924238938731693,4292,0.0034282902640390563,6722,0.005369284052858932,775,1655,764,11,0,0,1480,175,0,0
2016-05-23__bonirob_2016-05-23-10-57-33_4_frame28,1251936,7948,0,0.0,262,0.00020927587352708127,7686,0.006139291465378422,1382,0.0011038902947115507,6304,0.005035401170666871,7948,0.006348567338905503,413,1231,413,0,0,0,969,262,0,0
2016-05-23__bonirob_2016-05-23-10-57-33_4_frame30,1251936,7781,0,0.0,0,0.0,7781,0.00621517393860389,2092,0.00167101193671242,5689,0.0045441620018914705,7781,0.00621517393860389,937,1155,937,0,0,0,1155,0,0,0
2016-05-23__bonirob_2016-05-23-10-57-33_4_frame31,1251936,7389,0,0.0,127,0.00010144288525931038,7262,0.005800616005930016,730,0.0005830968995220203,6532,0.005217519106407996,7389,0.005902058891189326,280,577,280,0,0,0,450,127,0,0
2016-05-23__bonirob_2016-05-23-10-57-33_4_frame38,1251936,4026,0,0.0,0,0.0,4026,0.0032158193390077446,1674,0.0013371290545203588,2352,0.001878690284487386,4026,0.0032158193390077446,356,1318,356,0,0,0,1318,0,0,0
2016-05-23__bonirob_2016-05-23-10-57-33_4_frame39,1251936,4734,0,0.0,0,0.0,4734,0.0037813434552564987,2060,0.0016454515246785777,2674,0.0021358919305779207,4734,0.0037813434552564987,814,1246,814,0,0,0,1246,0,0,0
2016-05-23__bonirob_2016-05-23-10-57-33_4_frame57,1251936,5910,476,0.0003802111290033995,0,0.0,5434,0.004340477468496792,988,0.0007891777215448713,4446,0.003551299746951921,5434,0.004340477468496792,120,868,120,0,0,0,868,0,0,0
2016-05-23__bonirob_2016-05-23-10-57-33_4_frame59,1251936,6103,0,0.0,1703,0.0013602931779260281,4400,0.003514556654653273,2359,0.0018842816246197889,2041,0.0016302750300334842,6103,0.004874849832579301,2508,1554,805,1703,0,0,1554,0,0,0
2016-05-23__bonirob_2016-05-23-10-57-33_4_frame64,1251936,80667,26224,0.020946757661733508,38788,0.030982414436520715,15655,0.012504632824681134,2288,0.001827569460419702,13367,0.010677063364261432,54443,0.04348704726120185,40868,208,2080,38788,0,0,208,0,0,0
2016-05-23__bonirob_2016-05-23-10-57-33_4_frame66,1251936,8563,0,0.0,30,2.396288628172686e-05,8533,0.006815843621399177,1533,0.0012245034889962426,7000,0.005591340132402934,8563,0.006839806507680904,1075,488,1075,0,0,0,458,30,0,0
2016-05-23__bonirob_2016-05-23-10-57-33_4_frame71,1251936,6520,399,0.00031870638754696726,0,0.0,6121,0.0048892275643483375,2469,0.0019721455409861207,3652,0.0029170820233622168,6121,0.0048892275643483375,1376,1093,1376,0,0,0,1093,0,0,0
2016-05-23__bonirob_2016-05-23-10-57-33_4_frame72,1251936,16587,6319,0.005047382613807734,0,0.0,10268,0.008201697211359047,2353,0.0018794890473634435,7915,0.006322208163995604,10268,0.008201697211359047,1004,1349,1004,0,0,0,1349,0,0,0
2016-05-23__bonirob_2016-05-23-10-57-33_4_frame74,1251936,52214,6686,0.00534052858932086,27413,0.02189648672136595,18115,0.014469589499782736,753,0.0006014684456713442,17362,0.013868121054111393,45528,0.03636607622114869,28166,0,753,27413,0,0,0,0,0,0
2016-05-23__bonirob_2016-05-23-10-57-33_4_frame75,1251936,33643,0,0.0,25510,0.020376440968228406,8133,0.006496338470976152,2218,0.0017716560590956727,5915,0.004724682411880479,33643,0.02687277943920456,27369,359,1860,25509,0,0,358,1,0,0
2016-05-23__bonirob_2016-05-23-10-57-33_4_frame78,1251936,3874,0,0.0,0,0.0,3874,0.0030944073818469954,2305,0.0018411484293126806,1569,0.0012532589525343148,3874,0.0030944073818469954,680,1625,680,0,0,0,1625,0,0,0
2016-05-23__bonirob_2016-05-23-10-57-33_4_frame85,1251936,6671,0,0.0,2386,0.001905848222273343,4285,0.0034226989239066535,3696,0.0029522275899087494,589,0.00047047133399790407,6671,0.005328547146179996,784,5298,784,0,0,0,2912,2386,0,0
2016-05-23__bonirob_2016-05-23-10-57-33_4_frame90,1251936,4670,0,0.0,77,6.150474145643228e-05,4593,0.0036687178897323825,3677,0.0029370510952636555,916,0.0007316667944687269,4670,0.003730222631188815,1081,2673,1081,0,0,0,2596,77,0,0
2016-05-23__bonirob_2016-05-23-10-57-33_4_frame91,1251936,4001,0,0.0,0,0.0,4001,0.003195850267106306,3652,0.0029170820233622168,349,0.00027876824374408913,4001,0.003195850267106306,1938,1714,1938,0,0,0,1714,0,0,0
2016-05-23__bonirob_2016-05-23-10-57-33_4_frame94,1251936,2511,0,0.0,0,0.0,2511,0.0020056935817805385,2468,0.001971346778110063,43,3.4346803670475166e-05,2511,0.0020056935817805385,391,2077,391,0,0,0,2077,0,0,0
2016-05-23__bonirob_2016-05-23-10-57-33_4_frame95,1251936,3427,0,0.0,0,0.0,3427,0.002737360376249265,3196,0.0025528461518799683,231,0.00018451422436929684,3427,0.002737360376249265,1600,1596,1600,0,0,0,1596,0,0,0
2016-05-23__bonirob_2016-05-23-10-57-33_4_frame96,1251936,3481,0,0.0,0,0.0,3481,0.0027804935715563736,3026,0.002417056462950183,455,0.00036343710860619076,3481,0.0027804935715563736,1999,1027,1999,0,0,0,1027,0,0,0
2016-05-23__bonirob_2016-05-23-10-57-33_4_frame101,1251936,2701,0,0.0,0,0.0,2701,0.002157458528231475,1643,0.0013123674053625745,1058,0.0008450911228689007,2701,0.002157458528231475,309,1334,309,0,0,0,1334,0,0,0
2016-05-23__bonirob_2016-05-23-10-57-33_4_frame115,1251936,3019,0,0.0,0,0.0,3019,0.0024114651228177796,2038,0.0016278787414053114,981,0.0007835863814124684,3019,0.0024114651228177796,419,1619,419,0,0,0,1619,0,0,0
2016-05-23__bonirob_2016-05-23-10-57-33_4_frame116,1251936,4223,0,0.0,0,0.0,4223,0.0033731756255910845,1791,0.0014305843110190937,2432,0.0019425913145719909,4223,0.0033731756255910845,553,1238,553,0,0,0,1238,0,0,0
2016-05-23__bonirob_2016-05-23-10-57-33_4_frame126,1251936,6393,0,0.0,1041,0.0008315121539759221,5352,0.004274978912660072,3814,0.0030464816092835418,1538,0.0012284973033765303,6393,0.005106491066635994,3823,1032,2782,1041,0,0,1032,0,0,0
2016-05-23__bonirob_2016-05-23-10-57-33_4_frame135,1251936,2743,0,0.0,0,0.0,2743,0.0021910065690258925,2332,0.0018627150269662346,411,0.000328291542059658,2743,0.0021910065690258925,118,2214,118,0,0,0,2214,0,0,0
2016-05-23__bonirob_2016-05-23-10-57-33_4_frame139,1251936,3996,0,0.0,330,0.0002635917490989955,3666,0.0029282647036270224,2967,0.0023699294532627865,699,0.0005583352503642358,3996,0.003191856452726018,1261,2036,931,330,0,0,2036,0,0,0
2016-05-23__bonirob_2016-05-23-10-57-33_4_frame140,1251936,4256,0,0.0,0,0.0,4256,0.003399534800500984,3692,0.002949032538404519,564,0.000450502262096465,4256,0.003399534800500984,1511,2181,1511,0,0,0,2181,0,0,0
2016-05-23__bonirob_2016-05-23-10-57-33_4_frame141,1251936,4304,0,0.0,0,0.0,4304,0.003437875418551747,2943,0.002350759144237405,1361,0.001087116274314342,4304,0.003437875418551747,739,2204,739,0,0,0,2204,0,0,0
2016-05-23__bonirob_2016-05-23-10-57-33_4_frame148,1251936,3549,0,0.0,0,0.0,3549,0.0028348094471282877,2087,0.001667018122332132,1462,0.0011677913247961557,3549,0.0028348094471282877,218,1869,218,0,0,0,1869,0,0,0
2016-05-23__bonirob_2016-05-23-10-57-33_4_frame150,1251936,2842,0,0.0,0,0.0,2842,0.0022700840937555913,2722,0.002174232548628684,120,9.585154512690744e-05,2842,0.0022700840937555913,1046,1676,1046,0,0,0,1676,0,0,0
2016-05-23__bonirob_2016-05-23-10-57-33_4_frame168,1251936,4223,0,0.0,1086,0.0008674564833985124,3137,0.002505719142192572,2055,0.00164145771029829,1082,0.0008642614318942821,4223,0.0033731756255910845,237,2904,237,0,0,0,1818,1086,0,0
2016-05-23__bonirob_2016-05-23-10-57-33_4_frame175,1251936,2282,0,0.0,0,0.0,2282,0.0018227768831633566,1711,0.0013666832809344886,571,0.00045609360222886793,2282,0.0018227768831633566,274,1437,274,0,0,0,1437,0,0,0
2016-05-23__bonirob_2016-05-23-10-57-33_4_frame179,1251936,3057,0,0.0,0,0.0,3057,0.002441818112107967,1582,0.0012636428699230632,1475,0.001178175242184904,3057,0.002441818112107967,252,1330,252,0,0,0,1330,0,0,0
2016-05-23__bonirob_2016-05-23-10-57-33_4_frame183,1251936,3827,0,0.0,36,2.8755463538072233e-05,3791,0.0030281100631342176,2268,0.0018115942028985507,1523,0.001216515860235667,3827,0.00305686552667229,638,1666,602,36,0,0,1666,0,0,0
2016-05-23__bonirob_2016-05-23-10-57-33_4_frame189,1251936,4868,0,0.0,0,0.0,4868,0.003888377680648212,2132,0.0017029624517547223,2736,0.0021854152288934897,4868,0.003888377680648212,499,1633,499,0,0,0,1633,0,0,0
2016-05-23__bonirob_2016-05-23-10-57-33_4_frame198,1251936,3059,0,0.0,132,0.0001054366996395982,2927,0.002337978938220484,1941,0.001550398742427728,986,0.0007875801957927562,3059,0.0024434156378600825,261,1812,129,132,0,0,1812,0,0,0
2016-05-23__bonirob_2016-05-23-10-57-33_4_frame203,1251936,2947,0,0.0,0,0.0,2947,0.0023539541957416353,2300,0.0018371546149323927,647,0.0005167995808092427,2947,0.0023539541957416353,379,1921,379,0,0,0,1921,0,0,0
2016-05-23__bonirob_2016-05-23-10-57-33_4_frame211,1251936,2995,0,0.0,0,0.0,2995,0.002392294813792398,2570,0.0020528205914679344,425,0.0003394742223244639,2995,0.002392294813792398,408,2162,408,0,0,0,2162,0,0,0
2016-05-23__bonirob_2016-05-23-10-57-33_4_frame218,1251936,5782,0,0.0,1786,0.0014265904966388058,3996,0.003191856452726018,2928,0.0023387777010965417,1068,0.0008530787516294763,5782,0.004618446949364824,545,4169,545,0,0,0,2383,1786,0,0
2016-05-23__bonirob_2016-05-23-10-57-33_4_frame220,1251936,3712,0,0.0,0,0.0,3712,0.0029650077959256704,1440,0.0011502185415228894,2272,0.001814789254402781,3712,0.0029650077959256704,134,1306,134,0,0,0,1306,0,0,0
2016-05-23__bonirob_2016-05-23-10-57-33_4_frame225,1251936,3287,0,0.0,0,0.0,3287,0.0026255335736012062,2738,0.002187012754645605,549,0.00043852081895560154,3287,0.0026255335736012062,508,2230,508,0,0,0,2230,0,0,0
2016-05-23__bonirob_2016-05-23-10-57-33_4_frame231,1251936,4066,0,0.0,0,0.0,4066,0.0032477698540500474,3051,0.002437025534851622,1015,0.0008107443191984255,4066,0.0032477698540500474,1646,1405,1646,0,0,0,1405,0,0,0
2016-05-23__bonirob_2016-05-23-10-57-33_4_frame248,1251936,4252,0,0.0,57,4.552948393528104e-05,4195,0.003350810265061473,3640,0.002907496868849526,555,0.00044331339621194696,4252,0.003396339748996754,1911,1786,1911,0,0,0,1729,57,0,0
2016-05-23__bonirob_2016-05-23-10-57-33_4_frame253,1251936,5751,0,0.0,14,1.1182680264805868e-05,5737,0.004582502619942233,4525,0.0036144020141604684,1212,0.0009681006057817652,5751,0.004593685300207039,2670,1869,2656,14,0,0,1869,0,0,0
2016-05-23__bonirob_2016-05-23-10-57-33_4_frame254,1251936,4154,0,0.0,0,0.0,4154,0.0033180609871431128,3235,0.002583997904046213,919,0.0007340630830968996,4154,0.0033180609871431128,1661,1574,1661,0,0,0,1574,0,0,0
2016-05-23__bonirob_2016-05-23-10-57-33_4_frame259,1251936,4768,0,0.0,0,0.0,4768,0.003808501393042456,3580,0.002859571096286072,1188,0.0009489302967563837,4768,0.003808501393042456,2462,1118,2462,0,0,0,1118,0,0,0
2016-05-23__bonirob_2016-05-23-10-57-33_4_frame264,1251936,3107,0,0.0,0,0.0,3107,0.0024817562559108454,2649,0.002115922858676482,458,0.00036583339723436344,3107,0.0024817562559108454,772,1877,772,0,0,0,1877,0,0,0
2016-05-23__bonirob_2016-05-23-10-57-33_4_frame270,1251936,3761,0,0.0,737,0.0005886882396544232,3024,0.0024154589371980675,1690,0.00134990926053728,1334,0.0010655496766607878,3761,0.003004147176852491,75,2352,75,0,0,0,1615,737,0,0
2016-05-23__bonirob_2016-05-23-10-57-33_4_frame273,1251936,4248,0,0.0,1140,0.0009105896787056207,3108,0.002482555018786903,2473,0.001975340592490351,635,0.0005072144262965519,4248,0.0033931446974925237,1431,2182,1431,0,0,0,1042,1140,0,0
2016-05-23__bonirob_2016-05-23-10-57-33_4_frame278,1251936,2894,0,0.0,0,0.0,2894,0.0023116197633105844,1765,0.001409816476241597,1129,0.0009018032870689876,2894,0.0023116197633105844,536,1229,536,0,0,0,1229,0,0,0
2016-05-23__bonirob_2016-05-23-10-57-33_4_frame279,1251936,3865,268,0.00021406845078342663,330,0.0002635917490989955,3267,0.002609558316080055,1897,0.0015152531758811953,1370,0.00109430514019886,3597,0.0028731500651790506,931,1296,601,330,0,0,1296,0,0,0
2016-05-23__bonirob_2016-05-23-10-57-33_4_frame283,1251936,3555,0,0.0,0,0.0,3555,0.002839602024384633,2881,0.002301235845921836,674,0.0005383661784627968,3555,0.002839602024384633,386,2495,386,0,0,0,2495,0,0,0
2016-05-23__bonirob_2016-05-23-10-57-33_4_frame303,1251936,2339,0,0.0,0,0.0,2339,0.0018683063670986376,1830,0.0014617360631853386,509,0.0004065703039132991,2339,0.0018683063670986376,192,1638,192,0,0,0,1638,0,0,0
2016-05-23__bonirob_2016-05-23-11-02-39_5_frame9,1251936,2624,0,0.0,0,0.0,2624,0.002095953786775043,2179,0.0017405043069294278,445,0.0003554494798456151,2624,0.002095953786775043,231,1948,231,0,0,0,1948,0,0,0
2016-05-23__bonirob_2016-05-23-11-02-39_5_frame15,1251936,2239,0,0.0,0,0.0,2239,0.0017884300794928814,1564,0.0012492651381540271,675,0.0005391649413388544,2239,0.0017884300794928814,91,1473,91,0,0,0,1473,0,0,0
2016-05-23__bonirob_2016-05-23-11-02-39_5_frame20,1251936,1765,0,0.0,42,3.3548040794417606e-05,1723,0.0013762684354471793,679,0.0005423599928430846,1044,0.0008339084426040948,1765,0.001409816476241597,68,653,26,42,0,0,653,0,0,0
2016-05-23__bonirob_2016-05-23-11-02-39_5_frame29,1251936,2704,0,0.0,0,0.0,2704,0.0021598548168596477,1989,0.0015887393604784908,715,0.0005711154563811569,2704,0.0021598548168596477,375,1614,375,0,0,0,1614,0,0,0
2016-05-23__bonirob_2016-05-23-11-02-39_5_frame30,1251936,2822,0,0.0,0,0.0,2822,0.00225410883623444,2630,0.002100746364031388,192,0.0001533624722030519,2822,0.00225410883623444,458,2172,458,0,0,0,2172,0,0,0
2016-05-23__bonirob_2016-05-23-11-02-39_5_frame31,1251936,2258,0,0.0,0,0.0,2258,0.0018036065741379751,2094,0.001672609462464535,164,0.00013099711167344018,2258,0.0018036065741379751,249,1845,249,0,0,0,1845,0,0,0
2016-05-23__bonirob_2016-05-23-11-02-39_5_frame34,1251936,3876,0,0.0,0,0.0,3876,0.0030960049075991103,3753,0.0029977570738440305,123,9.824783375508014e-05,3876,0.0030960049075991103,2836,917,2836,0,0,0,917,0,0,0
2016-05-23__bonirob_2016-05-23-11-02-39_5_frame37,1251936,2967,0,0.0,2,1.597525752115124e-06,2965,0.0023683319275106716,2650,0.0021167216215525393,315,0.000251610305958132,2967,0.0023699294532627865,413,2239,413,0,0,0,2237,2,0,0
2016-05-23__bonirob_2016-05-23-11-02-39_5_frame60,1251936,1981,0,0.0,0,0.0,1981,0.0015823492574700304,1981,0.0015823492574700304,0,0.0,1981,0.0015823492574700304,322,1659,322,0,0,0,1659,0,0,0
2016-05-23__bonirob_2016-05-23-11-02-39_5_frame62,1251936,2629,0,0.0,0,0.0,2629,0.002099947601155331,2422,0.0019346036858114153,207,0.00016534391534391533,2629,0.002099947601155331,543,1879,543,0,0,0,1879,0,0,0
2016-05-23__bonirob_2016-05-23-11-02-39_5_frame69,1251936,3443,0,0.0,0,0.0,3443,0.002750140582266186,3140,0.002508115430820745,303,0.0002420251514454413,3443,0.002750140582266186,444,2696,444,0,0,0,2696,0,0,0
2016-05-23__bonirob_2016-05-23-11-02-39_5_frame80,1251936,4560,303,0.0002420251514454413,311,0.0002484152544539018,3946,0.0031519183089231398,2050,0.0016374638959180021,1896,0.0015144544130051376,4257,0.003400333563377042,755,1606,444,311,0,0,1606,0,0,0
2016-05-23__bonirob_2016-05-23-11-02-39_5_frame84,1251936,2378,0,0.0,0,0.0,2378,0.0018994581192648826,1985,0.0015855443089742606,393,0.0003139138102906219,2378,0.0018994581192648826,502,1483,502,0,0,0,1483,0,0,0
2016-05-23__bonirob_2016-05-23-11-02-39_5_frame89,1251936,2414,0,0.0,0,0.0,2414,0.0019282135828029548,1577,0.0012596490555427753,837,0.0006685645272601794,2414,0.0019282135828029548,122,1455,122,0,0,0,1455,0,0,0
2016-05-23__bonirob_2016-05-23-11-02-39_5_frame90,1251936,3023,0,0.0,0,0.0,3023,0.0024146601743220103,2214,0.0017684610075914423,809,0.0006461991667305677,3023,0.0024146601743220103,295,1919,295,0,0,0,1919,0,0,0
2016-05-23__bonirob_2016-05-23-11-02-39_5_frame93,1251936,2364,0,0.0,0,0.0,2364,0.0018882754390000768,1961,0.0015663739999488792,403,0.0003219014390511975,2364,0.0018882754390000768,201,1760,201,0,0,0,1760,0,0,0
2016-05-23__bonirob_2016-05-23-11-02-39_5_frame105,1251936,2950,0,0.0,0,0.0,2950,0.002356350484369808,2146,0.0017141451320195282,804,0.0006422053523502799,2950,0.002356350484369808,229,1917,229,0,0,0,1917,0,0,0
2016-05-23__bonirob_2016-05-23-11-02-39_5_frame108,1251936,1726,0,0.0,0,0.0,1726,0.0013786647240753521,1228,0.0009808808117986862,498,0.0003977839122766659,1726,0.0013786647240753521,76,1152,76,0,0,0,1152,0,0,0
2016-05-23__bonirob_2016-05-23-11-02-39_5_frame112,1251936,3094,0,0.0,0,0.0,3094,0.002471372338522097,2328,0.0018595199754620044,766,0.0006118523630600925,3094,0.002471372338522097,355,1973,355,0,0,0,1973,0,0,0
2016-05-23__bonirob_2016-05-23-11-02-39_5_frame116,1251936,2841,0,0.0,0,0.0,2841,0.0022692853308795336,2116,0.0016901822457378013,725,0.0005791030851417325,2841,0.0022692853308795336,534,1582,534,0,0,0,1582,0,0,0
2016-05-23__bonirob_2016-05-23-11-02-39_5_frame117,1251936,2729,0,0.0,0,0.0,2729,0.002179823888761087,2307,0.0018427459550647957,422,0.0003370779336962912,2729,0.002179823888761087,174,2133,174,0,0,0,2133,0,0,0
2016-05-23__bonirob_2016-05-23-11-02-39_5_frame131,1251936,4252,0,0.0,220,0.00017572783273266365,4032,0.00322061191626409,3542,0.002829218106995885,490,0.0003913938092682054,4252,0.003396339748996754,1082,2680,1082,0,0,0,2460,220,0,0
2016-05-23__bonirob_2016-05-23-11-02-39_5_frame144,1251936,2834,0,0.0,0,0.0,2834,0.002263693990747131,1787,0.0014273892595148634,1047,0.0008363047312322675,2834,0.002263693990747131,194,1593,194,0,0,0,1593,0,0,0
2016-05-23__bonirob_2016-05-23-11-02-39_5_frame149,1251936,4360,0,0.0,1211,0.0009673018429057076,3149,0.0025153042967052627,732,0.0005846944252741354,2417,0.0019306098714311276,4360,0.0034826061396109704,1279,664,68,1211,0,0,664,0,0,0
2016-05-23__bonirob_2016-05-23-11-02-39_5_frame155,1251936,3079,0,0.0,0,0.0,3079,0.0024593908953812337,2476,0.0019777368811185235,603,0.0004816540142627099,3079,0.0024593908953812337,364,2112,364,0,0,0,2112,0,0,0
2016-05-23__bonirob_2016-05-23-11-02-39_5_frame164,1251936,1922,0,0.0,17,1.3578968892978554e-05,1905,0.0015216432788896558,970,0.0007747999897758351,935,0.0007468432891138205,1922,0.0015352222477826342,168,819,151,17,0,0,819,0,0,0
2016-05-23__bonirob_2016-05-23-11-02-39_5_frame169,1251936,2961,0,0.0,0,0.0,2961,0.0023651368760064413,1725,0.0013778659611992945,1236,0.0009872709148071466,2961,0.0023651368760064413,319,1406,319,0,0,0,1406,0,0,0
2016-05-23__bonirob_2016-05-23-11-02-39_5_frame177,1251936,4113,0,0.0,0,0.0,4113,0.0032853117092247527,2908,0.0023228024435753905,1205,0.0009625092656493623,4113,0.0032853117092247527,663,2245,663,0,0,0,2245,0,0,0
2016-05-23__bonirob_2016-05-23-11-02-39_5_frame184,1251936,2987,0,0.0,48,3.8340618050762975e-05,2939,0.0023475640927331748,2002,0.0015991232778672392,937,0.0007484408148659356,2987,0.0023859047107839377,472,1578,424,48,0,0,1578,0,0,0
2016-05-23__bonirob_2016-05-23-11-02-39_5_frame187,1251936,5471,0,0.0,620,0.0004952329831556884,4851,0.0038747987117552334,1771,0.0014146090534979425,3080,0.002460189658257291,5471,0.004370031694910922,301,2090,301,0,0,0,1470,620,0,0
2016-05-23__bonirob_2016-05-23-11-02-39_5_frame189,1251936,4198,0,0.0,0,0.0,4198,0.0033532065536896454,1388,0.001108682871967896,2810,0.0022445236817217494,4198,0.0033532065536896454,87,1301,87,0,0,0,1301,0,0,0
2016-05-23__bonirob_2016-05-23-11-02-39_5_frame192,1251936,3001,0,0.0,0,0.0,3001,0.0023970873910487437,1540,0.0012300948291286455,1461,0.001166992561920098,3001,0.0023970873910487437,154,1386,154,0,0,0,1386,0,0,0
2016-05-23__bonirob_2016-05-23-11-02-39_5_frame193,1251936,3143,0,0.0,0,0.0,3143,0.0025105117194489175,1576,0.0012588502926667178,1567,0.0012516614267821997,3143,0.0025105117194489175,212,1364,212,0,0,0,1364,0,0,0
2016-05-23__bonirob_2016-05-23-11-02-39_5_frame199,1251936,5288,0,0.0,1098,0.0008770416379112031,4190,0.003346816450681185,1735,0.00138585358995987,2455,0.0019609628607213147,5288,0.004223858088592388,1461,1372,363,1098,0,0,1372,0,0,0
2016-05-23__bonirob_2016-05-23-11-02-39_5_frame202,1251936,5937,0,0.0,1157,0.0009241686475985993,4780,0.0038180865475551467,2636,0.0021055389412877336,2144,0.001712547606267413,5937,0.0047422551951537455,476,3317,476,0,0,0,2160,1157,0,0
2016-05-23__bonirob_2016-05-23-11-02-39_5_frame203,1251936,3091,0,0.0,0,0.0,3091,0.0024689760498939244,1116,0.0008914193696802393,1975,0.001577556680213685,3091,0.0024689760498939244,82,1034,82,0,0,0,1034,0,0,0
2016-05-23__bonirob_2016-05-23-11-02-39_5_frame204,1251936,5104,0,0.0,0,0.0,5104,0.004076885719397797,1486,0.0011869616338215372,3618,0.0028899240855762595,5104,0.004076885719397797,174,1312,174,0,0,0,1312,0,0,0
2016-05-23__bonirob_2016-05-23-11-02-39_5_frame215,1251936,5080,0,0.0,4,3.195051504230248e-06,5076,0.004054520358868185,2740,0.00218861028039772,2336,0.0018659100784704649,5080,0.004057715410372415,677,2067,677,0,0,0,2063,4,0,0
2016-05-23__bonirob_2016-05-23-11-02-39_5_frame216,1251936,2339,0,0.0,0,0.0,2339,0.0018683063670986376,727,0.0005807006108938476,1612,0.00128760575620479,2339,0.0018683063670986376,60,667,60,0,0,0,667,0,0,0
2016-05-23__bonirob_2016-05-23-11-02-39_5_frame223,1251936,3838,0,0.0,0,0.0,3838,0.0030656519183089232,2594,0.002071990900493316,1244,0.0009936610178156071,3838,0.0030656519183089232,673,1921,673,0,0,0,1921,0,0,0
2016-05-23__bonirob_2016-05-23-11-02-39_5_frame233,1251936,4987,0,0.0,0,0.0,4987,0.003983430462899062,2596,0.0020735884262454312,2391,0.0019098420366536308,4987,0.003983430462899062,896,1700,896,0,0,0,1700,0,0,0
2016-05-23__bonirob_2016-05-23-11-02-39_5_frame243,1251936,2887,0,0.0,0,0.0,2887,0.0023060284231781816,1428,0.0011406333870101987,1459,0.001165395036167983,2887,0.0023060284231781816,405,1023,405,0,0,0,1023,0,0,0
2016-05-23__bonirob_2016-05-23-11-02-39_5_frame246,1251936,2356,0,0.0,0,0.0,2356,0.0018818853359916163,1409,0.001125456892365105,947,0.0007564284436265112,2356,0.0018818853359916163,633,776,633,0,0,0,776,0,0,0
2016-05-23__bonirob_2016-05-23-11-02-39_5_frame253,1251936,1600,0,0.0,0,0.0,1600,0.0012780206016920993,1350,0.0010783298826777088,250,0.00019969071901439051,1600,0.0012780206016920993,530,820,530,0,0,0,820,0,0,0
2016-05-23__bonirob_2016-05-23-11-02-39_5_frame254,1251936,1607,0,0.0,3,2.396288628172686e-06,1604,0.0012812156531963295,977,0.0007803913299082382,627,0.0005008243232880914,1607,0.001283611941824502,229,751,229,0,0,0,748,3,0,0
2016-05-23__bonirob_2016-05-23-11-02-39_5_frame255,1251936,1655,0,0.0,8,6.390103008460496e-06,1647,0.0013155624568668047,383,0.00030592618153004624,1264,0.0010096362753367583,1655,0.0013219525598752652,15,376,7,8,0,0,376,0,0,0
2016-05-23__bonirob_2016-05-23-11-02-39_5_frame257,1251936,1463,0,0.0,0,0.0,1463,0.0011685900876722132,832,0.0006645707128798916,631,0.0005040193747923216,1463,0.0011685900876722132,123,709,123,0,0,0,709,0,0,0
2016-05-23__bonirob_2016-05-23-11-02-39_5_frame264,1251936,3159,0,0.0,0,0.0,3159,0.0025232919254658385,2322,0.001854727398205659,837,0.0006685645272601794,3159,0.0025232919254658385,553,1769,553,0,0,0,1769,0,0,0
2016-05-23__bonirob_2016-05-23-11-02-39_5_frame265,1251936,4279,0,0.0,0,0.0,4279,0.003417906346650308,1708,0.001364286992306316,2571,0.002053619354343992,4279,0.003417906346650308,318,1390,318,0,0,0,1390,0,0,0
2016-05-23__bonirob_2016-05-23-11-02-39_5_frame266,1251936,2586,0,0.0,0,0.0,2586,0.0020656007974848554,2259,0.0018044053370140326,327,0.0002611954604708228,2586,0.0020656007974848554,729,1530,729,0,0,0,1530,0,0,0
2016-05-23__bonirob_2016-05-23-11-02-39_5_frame271,1251936,2956,0,0.0,0,0.0,2956,0.0023611430616261534,2076,0.0016582317306954987,880,0.0007029113309306546,2956,0.0023611430616261534,506,1570,506,0,0,0,1570,0,0,0
2016-05-23__bonirob_2016-05-23-11-02-39_5_frame272,1251936,3865,0,0.0,0,0.0,3865,0.0030872185159624773,3599,0.002874747590931166,266,0.0002124709250313115,3865,0.0030872185159624773,1695,1904,1695,0,0,0,1904,0,0,0
2016-05-23__bonirob_2016-05-23-11-02-39_5_frame273,1251936,3212,0,0.0,746,0.0005958771055389413,2466,0.001969749252357948,2226,0.0017780461621041332,240,0.00019170309025381488,3212,0.0025656263578968893,1054,1918,1054,0,0,0,1172,746,0,0
2016-05-23__bonirob_2016-05-23-11-02-39_5_frame277,1251936,3757,0,0.0,254,0.00020288577051862076,3503,0.0027980663548296397,2513,0.0020072911075326534,990,0.0007907752472969865,3757,0.0030009521253482607,879,1888,625,254,0,0,1888,0,0,0
2016-05-23__bonirob_2016-05-23-11-02-39_5_frame278,1251936,3544,0,0.0,0,0.0,3544,0.002830815632748,2392,0.0019106407995296885,1152,0.0009201748332183115,3544,0.002830815632748,340,2052,340,0,0,0,2052,0,0,0
2016-05-23__bonirob_2016-05-23-11-02-39_5_frame282,1251936,1963,0,0.0,0,0.0,1963,0.0015679715257009943,1223,0.0009768869974183985,740,0.0005910845282825959,1963,0.0015679715257009943,177,1046,177,0,0,0,1046,0,0,0
2016-05-23__bonirob_2016-05-23-11-02-39_5_frame284,1251936,2933,0,0.0,338,0.00026998185210745597,2595,0.0020727896633693736,1936,0.00154640492804744,659,0.0005263847353219334,2933,0.0023427715154768296,495,1779,495,0,0,0,1441,338,0,0
2016-05-23__bonirob_2016-05-23-11-02-39_5_frame292,1251936,4134,0,0.0,0,0.0,4134,0.0033020857296219615,2171,0.0017341142039209673,1963,0.0015679715257009943,4134,0.0033020857296219615,756,1415,756,0,0,0,1415,0,0,0
2016-05-23__bonirob_2016-05-23-11-02-39_5_frame293,1251936,2885,0,0.0,0,0.0,2885,0.0023044308974260663,1988,0.0015879405976024334,897,0.0007164902998236331,2885,0.0023044308974260663,256,1732,256,0,0,0,1732,0,0,0
2016-05-23__bonirob_2016-05-23-11-02-39_5_frame294,1251936,2800,0,0.0,0,0.0,2800,0.0022365360529611735,1512,0.0012077294685990338,1288,0.00102880658436214,2800,0.0022365360529611735,160,1352,160,0,0,0,1352,0,0,0
2016-05-23__bonirob_2016-05-23-11-07-45_6_frame3,1251936,5474,619,0.0004944342202796309,0,0.0,4855,0.0038779937632594636,1545,0.0012340886435089334,3310,0.0026439051197505305,4855,0.0038779937632594636,252,1293,252,0,0,0,1293,0,0,0
2016-05-23__bonirob_2016-05-23-11-07-45_6_frame4,1251936,2932,0,0.0,0,0.0,2932,0.002341972752600772,2642,0.0021103315185440788,290,0.00023164123405669299,2932,0.002341972752600772,1150,1492,1150,0,0,0,1492,0,0,0
2016-05-23__bonirob_2016-05-23-11-07-45_6_frame17,1251936,5190,97,7.747999897758352e-05,0,0.0,5093,0.004068099327761163,2576,0.00205761316872428,2517,0.0020104861590368836,5093,0.004068099327761163,1083,1493,1083,0,0,0,1493,0,0,0
2016-05-23__bonirob_2016-05-23-11-07-45_6_frame27,1251936,3510,0,0.0,105,8.387010198604402e-05,3405,0.0027197875929759986,2547,0.0020344490453186106,858,0.0006853385476573883,3510,0.002803657694962043,913,1739,808,105,0,0,1739,0,0,0
2016-05-23__bonirob_2016-05-23-11-07-45_6_frame34,1251936,3368,0,0.0,0,0.0,3368,0.002690233366561869,2400,0.001917030902538149,968,0.00077320246402372,3368,0.002690233366561869,1377,1023,1377,0,0,0,1023,0,0,0
2016-05-23__bonirob_2016-05-23-11-07-45_6_frame38,1251936,3510,0,0.0,348,0.00027796948086803157,3162,0.002525688214094011,2238,0.001787631316616824,924,0.0007380568974771874,3510,0.002803657694962043,844,1742,496,348,0,0,1742,0,0,0
2016-05-23__bonirob_2016-05-23-11-07-45_6_frame41,1251936,4513,0,0.0,140,0.00011182680264805869,4373,0.003492990056999719,2440,0.0019489814175804514,1933,0.0015440086394192675,4513,0.0036048168596477777,621,1959,621,0,0,0,1819,140,0,0
2016-05-23__bonirob_2016-05-23-11-07-45_6_frame51,1251936,3049,0,0.0,0,0.0,3049,0.0024354280090995066,2230,0.0017812412136083635,819,0.0006541867954911433,3049,0.0024354280090995066,477,1753,477,0,0,0,1753,0,0,0
2016-05-23__bonirob_2016-05-23-11-07-45_6_frame52,1251936,3691,0,0.0,0,0.0,3691,0.0029482337755284615,2420,0.0019330061600593001,1271,0.0010152276154691614,3691,0.0029482337755284615,408,2012,408,0,0,0,2012,0,0,0
2016-05-23__bonirob_2016-05-23-11-07-45_6_frame61,1251936,2820,0,0.0,0,0.0,2820,0.002252511310482325,2305,0.0018411484293126806,515,0.00041136288116964444,2820,0.002252511310482325,455,1850,455,0,0,0,1850,0,0,0
2016-05-23__bonirob_2016-05-23-11-07-45_6_frame63,1251936,4264,0,0.0,233,0.00018611175012141196,4031,0.0032198131533880325,1593,0.0012724292615596963,2438,0.0019473838918283362,4264,0.0034059249035094446,623,1203,623,0,0,0,970,233,0,0
2016-05-23__bonirob_2016-05-23-11-07-45_6_frame68,1251936,2432,0,0.0,0,0.0,2432,0.0019425913145719909,2005,0.0016015195664954118,427,0.000341071748076579,2432,0.0019425913145719909,323,1682,323,0,0,0,1682,0,0,0
2016-05-23__bonirob_2016-05-23-11-07-45_6_frame70,1251936,3745,0,0.0,150,0.00011981443140863431,3595,0.0028715525394269357,2890,0.002308424711806354,705,0.0005631278276205813,3745,0.00299136697083557,571,2469,571,0,0,0,2319,150,0,0
2016-05-23__bonirob_2016-05-23-11-07-45_6_frame75,1251936,3058,0,0.0,0,0.0,3058,0.002442616874984025,2052,0.0016390614216701173,1006,0.0008035554533139074,3058,0.002442616874984025,252,1800,252,0,0,0,1800,0,0,0
2016-05-23__bonirob_2016-05-23-11-07-45_6_frame99,1251936,2708,0,0.0,0,0.0,2708,0.002163049868363878,2420,0.0019330061600593001,288,0.00023004370830457787,2708,0.002163049868363878,292,2128,292,0,0,0,2128,0,0,0
2016-05-23__bonirob_2016-05-23-11-07-45_6_frame104,1251936,3263,0,0.0,17,1.3578968892978554e-05,3246,0.0025927842956828466,2604,0.0020799785292538917,642,0.0005128057664289549,3263,0.002606363264575825,630,1991,613,17,0,0,1991,0,0,0
2016-05-23__bonirob_2016-05-23-11-07-45_6_frame108,1251936,3441,0,0.0,0,0.0,3441,0.002748543056514071,3171,0.0025328770799785292,270,0.00021566597653554175,3441,0.002748543056514071,666,2505,666,0,0,0,2505,0,0,0
2016-05-23__bonirob_2016-05-23-11-07-45_6_frame109,1251936,2747,0,0.0,0,0.0,2747,0.0021942016205301227,2644,0.002111929044296194,103,8.227257623392889e-05,2747,0.0021942016205301227,676,1968,676,0,0,0,1968,0,0,0
2016-05-23__bonirob_2016-05-23-11-07-45_6_frame115,1251936,3289,0,0.0,0,0.0,3289,0.0026271310993533216,2689,0.0021478733737187844,600,0.00047925772563453724,3289,0.0026271310993533216,234,2455,234,0,0,0,2455,0,0,0
2016-05-23__bonirob_2016-05-23-11-07-45_6_frame122,1251936,3672,0,0.0,0,0.0,3672,0.002933057280883368,3416,0.002728573984612632,256,0.00020448329627073588,3672,0.002933057280883368,692,2724,692,0,0,0,2724,0,0,0
2016-05-23__bonirob_2016-05-23-11-07-45_6_frame127,1251936,4948,0,0.0,374,0.0002987373156455282,4574,0.003653541395087289,3820,0.003051274186539887,754,0.0006022672085474018,4948,0.003952278710732817,1758,2436,1384,374,0,0,2436,0,0,0
2016-05-23__bonirob_2016-05-23-11-07-45_6_frame131,1251936,4184,0,0.0,0,0.0,4184,0.00334202387342484,3532,0.002821230478235309,652,0.0005207933951895305,4184,0.00334202387342484,1245,2287,1245,0,0,0,2287,0,0,0
2016-05-23__bonirob_2016-05-23-11-07-45_6_frame133,1251936,2771,0,0.0,0,0.0,2771,0.0022133719295555046,2442,0.0019505789433325665,329,0.0002627929862229379,2771,0.0022133719295555046,771,1671,771,0,0,0,1671,0,0,0
2016-05-23__bonirob_2016-05-23-11-07-45_6_frame135,1251936,3131,0,0.0,0,0.0,3131,0.002500926564936227,2939,0.0023475640927331748,192,0.0001533624722030519,3131,0.002500926564936227,980,1959,980,0,0,0,1959,0,0,0
2016-05-23__bonirob_2016-05-23-11-07-45_6_frame138,1251936,3193,0,0.0,0,0.0,3193,0.0025504498632517958,2999,0.0023954898652966284,194,0.00015495999795516705,3193,0.0025504498632517958,741,2258,741,0,0,0,2258,0,0,0
2016-05-23__bonirob_2016-05-23-11-07-45_6_frame141,1251936,5284,0,0.0,196,0.00015655752370728217,5088,0.004064105513380875,4094,0.003270135214579659,994,0.0007939702988012167,5284,0.0042206630370881576,864,3426,864,0,0,0,3230,196,0,0
2016-05-23__bonirob_2016-05-23-11-07-45_6_frame146,1251936,3270,0,0.0,33,2.635917490989955e-05,3237,0.0025855954297983284,2844,0.0022716816195077066,393,0.0003139138102906219,3270,0.002611954604708228,436,2441,436,0,0,0,2408,33,0,0
2016-05-23__bonirob_2016-05-23-11-07-45_6_frame149,1251936,3535,0,0.0,0,0.0,3535,0.0028236267668634817,2986,0.0023851059479078804,549,0.00043852081895560154,3535,0.0028236267668634817,566,2420,566,0,0,0,2420,0,0,0
2016-05-23__bonirob_2016-05-23-11-07-45_6_frame156,1251936,4153,0,0.0,0,0.0,4153,0.003317262224267055,3608,0.0028819364568156837,545,0.0004353257674513713,4153,0.003317262224267055,1816,1792,1816,0,0,0,1792,0,0,0
2016-05-23__bonirob_2016-05-23-11-07-45_6_frame162,1251936,3613,0,0.0,0,0.0,3613,0.0028859302711959716,3271,0.0026127533675842853,342,0.0002731769036116862,3613,0.0028859302711959716,1051,2220,1051,0,0,0,2220,0,0,0
2016-05-23__bonirob_2016-05-23-11-07-45_6_frame166,1251936,11552,5674,0.004532180558750607,0,0.0,5878,0.0046951281854663495,2240,0.001789228842368939,3638,0.0029058993430974107,5878,0.0046951281854663495,665,1575,665,0,0,0,1575,0,0,0
2016-05-23__bonirob_2016-05-23-11-07-45_6_frame175,1251936,3629,0,0.0,0,0.0,3629,0.0028987104772128926,3127,0.0024977315134319966,502,0.00040097896378089615,3629,0.0028987104772128926,991,2136,991,0,0,0,2136,0,0,0
2016-05-23__bonirob_2016-05-23-11-07-45_6_frame176,1251936,3920,0,0.0,0,0.0,3920,0.0031311504741456434,3246,0.0025927842956828466,674,0.0005383661784627968,3920,0.0031311504741456434,946,2300,946,0,0,0,2300,0,0,0
2016-05-23__bonirob_2016-05-23-11-07-45_6_frame201,1251936,4746,0,0.0,0,0.0,4746,0.0037909286097691894,2639,0.002107935229915906,2107,0.0016829933798532832,4746,0.0037909286097691894,1031,1608,1031,0,0,0,1608,0,0,0
2016-05-23__bonirob_2016-05-23-11-07-45_6_frame208,1251936,3990,0,0.0,0,0.0,3990,0.0031870638754696724,3572,0.0028531809932776115,418,0.0003338828821920609,3990,0.0031870638754696724,591,2981,591,0,0,0,2981,0,0,0
2016-05-23__bonirob_2016-05-23-11-07-45_6_frame210,1251936,4146,0,0.0,0,0.0,4146,0.0033116708841346523,3104,0.002479359967282673,1042,0.0008323109168519797,4146,0.0033116708841346523,1641,1463,1641,0,0,0,1463,0,0,0
2016-05-23__bonirob_2016-05-23-11-07-45_6_frame212,1251936,3647,0,0.0,8,6.390103008460496e-06,3639,0.0029066981059734684,2918,0.002330790072335966,721,0.0005759080336375023,3647,0.002913088208981929,1395,1531,1387,8,0,0,1531,0,0,0
2016-05-23__bonirob_2016-05-23-11-07-45_6_frame215,1251936,3376,0,0.0,0,0.0,3376,0.0026966234695703297,3075,0.0024561958438770034,301,0.00024042762569332618,3376,0.0026966234695703297,2081,994,2081,0,0,0,994,0,0,0
2016-05-23__bonirob_2016-05-23-11-07-45_6_frame218,1251936,4032,0,0.0,0,0.0,4032,0.00322061191626409,3287,0.0026255335736012062,745,0.0005950783426628837,4032,0.00322061191626409,1561,1726,1561,0,0,0,1726,0,0,0
2016-05-23__bonirob_2016-05-23-11-07-45_6_frame220,1251936,3610,0,0.0,124,9.90465966311377e-05,3486,0.002784487385936661,2809,0.0022437249188456917,677,0.0005407624670909695,3610,0.002883533982567799,1036,1897,912,124,0,0,1897,0,0,0
2016-05-23__bonirob_2016-05-23-11-07-45_6_frame224,1251936,4086,0,0.0,0,0.0,4086,0.0032637451115711986,3783,0.003021719960125757,303,0.0002420251514454413,4086,0.0032637451115711986,2273,1510,2273,0,0,0,1510,0,0,0
2016-05-23__bonirob_2016-05-23-11-07-45_6_frame227,1251936,3377,0,0.0,0,0.0,3377,0.002697422232446387,2782,0.0022221583211921377,595,0.00047526391125424943,3377,0.002697422232446387,662,2120,662,0,0,0,2120,0,0,0
2016-05-23__bonirob_2016-05-23-11-07-45_6_frame228,1251936,2208,0,0.0,0,0.0,2208,0.001763668430335097,1533,0.0012245034889962426,675,0.0005391649413388544,2208,0.001763668430335097,210,1323,210,0,0,0,1323,0,0,0
2016-05-23__bonirob_2016-05-23-11-07-45_6_frame231,1251936,2876,0,0.0,0,0.0,2876,0.0022972420315415486,2775,0.002216566981059735,101,8.067505048181377e-05,2876,0.0022972420315415486,917,1858,917,0,0,0,1858,0,0,0
2016-05-23__bonirob_2016-05-23-11-07-45_6_frame238,1251936,3760,0,0.0,236,0.00018850803874958464,3524,0.0028148403752268486,2691,0.0021494708994708994,833,0.0006653694757559491,3760,0.0030033484139764333,499,2428,493,6,0,0,2198,230,0,0
2016-05-23__bonirob_2016-05-23-11-07-45_6_frame252,1251936,2684,0,0.0,0,0.0,2684,0.0021438795593384965,2277,0.0018187830687830687,407,0.00032509649055542775,2684,0.0021438795593384965,297,1980,297,0,0,0,1980,0,0,0
2016-05-23__bonirob_2016-05-23-11-07-45_6_frame254,1251936,2723,0,0.0,0,0.0,2723,0.0021750313115047413,1619,0.001293197096337193,1104,0.0008818342151675485,2723,0.0021750313115047413,84,1535,84,0,0,0,1535,0,0,0
2016-05-23__bonirob_2016-05-23-11-07-45_6_frame259,1251936,4626,0,0.0,0,0.0,4626,0.003695077064642282,4619,0.003689485724509879,7,5.591340132402934e-06,4626,0.003695077064642282,2200,2419,2200,0,0,0,2419,0,0,0
2016-05-23__bonirob_2016-05-23-11-07-45_6_frame263,1251936,2795,0,0.0,0,0.0,2795,0.002232542238580886,2112,0.001686987194233571,683,0.0005455550443473149,2795,0.002232542238580886,163,1949,163,0,0,0,1949,0,0,0
2016-05-23__bonirob_2016-05-23-11-07-45_6_frame278,1251936,2995,0,0.0,0,0.0,2995,0.002392294813792398,2217,0.001770857296219615,778,0.0006214375175727833,2995,0.002392294813792398,335,1882,335,0,0,0,1882,0,0,0
2016-05-23__bonirob_2016-05-23-11-07-45_6_frame280,1251936,4251,0,0.0,0,0.0,4251,0.0033955409861206962,2432,0.0019425913145719909,1819,0.0014529496715487054,4251,0.0033955409861206962,220,2212,220,0,0,0,2212,0,0,0
2016-05-23__bonirob_2016-05-23-11-07-45_6_frame284,1251936,2678,0,0.0,0,0.0,2678,0.002139086982082151,2493,0.001991315850011502,185,0.00014777113207064898,2678,0.002139086982082151,700,1793,700,0,0,0,1793,0,0,0
2016-05-23__bonirob_2016-05-23-11-07-45_6_frame288,1251936,3053,0,0.0,0,0.0,3053,0.002438623060603737,2855,0.0022804680111443397,198,0.0001581550494593973,3053,0.002438623060603737,1315,1540,1315,0,0,0,1540,0,0,0
2016-05-23__bonirob_2016-05-23-11-07-45_6_frame289,1251936,3573,0,0.0,88,7.029113309306545e-05,3485,0.002783688623060604,2674,0.0021358919305779207,811,0.0006477966924826828,3573,0.002853979756153669,574,2188,486,88,0,0,2188,0,0,0
2016-05-23__bonirob_2016-05-23-11-07-45_6_frame297,1251936,3659,0,0.0,0,0.0,3659,0.0029226733634946196,2590,0.0020687958489890856,1069,0.0008538775145055338,3659,0.0029226733634946196,511,2079,511,0,0,0,2079,0,0,0
2016-05-23__bonirob_2016-05-23-11-07-45_6_frame306,1251936,1970,0,0.0,0,0.0,1970,0.0015735628658333973,1296,0.0010351966873706005,674,0.0005383661784627968,1970,0.0015735628658333973,44,1252,44,0,0,0,1252,0,0,0
2016-05-23__bonirob_2016-05-23-11-12-51_7_frame4,1251936,2126,0,0.0,0,0.0,2126,0.001698169874498377,1507,0.001203735654218746,619,0.0004944342202796309,2126,0.001698169874498377,136,1371,136,0,0,0,1371,0,0,0
2016-05-23__bonirob_2016-05-23-11-12-51_7_frame5,1251936,3088,0,0.0,0,0.0,3088,0.002466579761265752,2360,0.0018850803874958465,728,0.0005814993737699052,3088,0.002466579761265752,795,1565,795,0,0,0,1565,0,0,0
2016-05-23__bonirob_2016-05-23-11-12-51_7_frame10,1251936,3026,0,0.0,0,0.0,3026,0.002417056462950183,1862,0.0014872964752191806,1164,0.0009297599877310022,3026,0.002417056462950183,365,1497,365,0,0,0,1497,0,0,0
2016-05-23__bonirob_2016-05-23-11-12-51_7_frame13,1251936,1369,0,0.0,0,0.0,1369,0.0010935063773228025,255,0.00020368453339467832,1114,0.0008898218439281242,1369,0.0010935063773228025,36,219,36,0,0,0,219,0,0,0
2016-05-23__bonirob_2016-05-23-11-12-51_7_frame14,1251936,2516,0,0.0,0,0.0,2516,0.002009687396160826,2091,0.0016702131738363622,425,0.0003394742223244639,2516,0.002009687396160826,765,1326,765,0,0,0,1326,0,0,0
2016-05-23__bonirob_2016-05-23-11-12-51_7_frame19,1251936,3218,0,0.0,0,0.0,3218,0.0025704189351532345,1834,0.0014649311146895689,1384,0.0011054878204636658,3218,0.0025704189351532345,423,1411,423,0,0,0,1411,0,0,0
2016-05-23__bonirob_2016-05-23-11-12-51_7_frame20,1251936,3417,0,0.0,0,0.0,3417,0.0027293727474886893,3140,0.002508115430820745,277,0.0002212573166679447,3417,0.0027293727474886893,1235,1905,1235,0,0,0,1905,0,0,0
2016-05-23__bonirob_2016-05-23-11-12-51_7_frame27,1251936,3221,0,0.0,0,0.0,3221,0.0025728152237814075,2736,0.0021854152288934897,485,0.00038739999488791757,3221,0.0025728152237814075,448,2288,448,0,0,0,2288,0,0,0
2016-05-23__bonirob_2016-05-23-11-12-51_7_frame29,1251936,2837,0,0.0,0,0.0,2837,0.0022660902793753034,1260,0.001006441223832528,1577,0.0012596490555427753,2837,0.0022660902793753034,35,1225,35,0,0,0,1225,0,0,0
2016-05-23__bonirob_2016-05-23-11-12-51_7_frame31,1251936,2612,0,0.0,9,7.188865884518058e-06,2603,0.002079179766377834,1256,0.0010032461723282979,1347,0.0010759335940495362,2612,0.002086368632262352,53,1212,53,0,0,0,1203,9,0,0
2016-05-23__bonirob_2016-05-23-11-12-51_7_frame39,1251936,3373,0,0.0,0,0.0,3373,0.0026942271809421567,2882,0.0023020346087978937,491,0.000392192572144263,3373,0.0026942271809421567,1269,1613,1269,0,0,0,1613,0,0,0
2016-05-23__bonirob_2016-05-23-11-12-51_7_frame41,1251936,3193,0,0.0,0,0.0,3193,0.0025504498632517958,2495,0.0019929133757636175,698,0.0005575364874881783,3193,0.0025504498632517958,264,2231,264,0,0,0,2231,0,0,0
2016-05-23__bonirob_2016-05-23-11-12-51_7_frame43,1251936,2945,0,0.0,0,0.0,2945,0.0023523566699895204,2355,0.0018810865731155586,590,0.00047127009687396163,2945,0.0023523566699895204,643,1712,643,0,0,0,1712,0,0,0
2016-05-23__bonirob_2016-05-23-11-12-51_7_frame64,1251936,9152,3518,0.0028100477979705035,0,0.0,5634,0.004500230043708304,3365,0.002687837077933696,2269,0.0018123929657746082,5634,0.004500230043708304,2657,708,2657,0,0,0,708,0,0,0
2016-05-23__bonirob_2016-05-23-11-12-51_7_frame71,1251936,4929,0,0.0,0,0.0,4929,0.003937102216087724,3299,0.0026351187281138974,1630,0.001301983487973826,4929,0.003937102216087724,1635,1664,1635,0,0,0,1664,0,0,0
2016-05-23__bonirob_2016-05-23-11-12-51_7_frame75,1251936,5729,0,0.0,0,0.0,5729,0.004576112516933773,677,0.0005407624670909695,5052,0.0040353500498428035,5729,0.004576112516933773,88,589,88,0,0,0,589,0,0,0
2016-05-23__bonirob_2016-05-23-11-12-51_7_frame77,1251936,3974,0,0.0,0,0.0,3974,0.0031742836694527514,1041,0.0008315121539759221,2933,0.0023427715154768296,3974,0.0031742836694527514,135,906,135,0,0,0,906,0,0,0
2016-05-23__bonirob_2016-05-23-11-12-51_7_frame87,1251936,7004,3005,0.002400282442552974,2,1.597525752115124e-06,3997,0.0031926552156020757,1705,0.0013618907036781432,2292,0.0018307645119239322,3999,0.0031942527413541906,404,1303,402,2,0,0,1303,0,0,0
2016-05-23__bonirob_2016-05-23-11-12-51_7_frame93,1251936,9770,2395,0.001913037088157861,1088,0.0008690540091506275,6287,0.005021822201773892,3214,0.002567223883649004,3073,0.002454598318124888,7375,0.00589087621092452,1690,2612,602,1088,0,0,2612,0,0,0
2016-05-23__bonirob_2016-05-23-11-12-51_7_frame95,1251936,8378,110,8.786391636633182e-05,0,0.0,8268,0.006604171459243923,1908,0.0015240395675178283,6360,0.005080131891726095,8268,0.006604171459243923,363,1545,363,0,0,0,1545,0,0,0
2016-05-23__bonirob_2016-05-23-11-12-51_7_frame96,1251936,2950,0,0.0,0,0.0,2950,0.002356350484369808,1152,0.0009201748332183115,1798,0.0014361756511514965,2950,0.002356350484369808,96,1056,96,0,0,0,1056,0,0,0
2016-05-23__bonirob_2016-05-23-11-12-51_7_frame97,1251936,3266,0,0.0,0,0.0,3266,0.002608759553203998,1869,0.0014928878153515834,1397,0.0011158717378524142,3266,0.002608759553203998,586,1283,586,0,0,0,1283,0,0,0
2016-05-23__bonirob_2016-05-23-11-12-51_7_frame101,1251936,3562,0,0.0,0,0.0,3562,0.002845193364517036,2831,0.0022612977021189582,731,0.0005838956623980779,3562,0.002845193364517036,245,2586,245,0,0,0,2586,0,0,0
2016-05-23__bonirob_2016-05-23-11-12-51_7_frame107,1251936,4826,0,0.0,28,2.2365360529611736e-05,4798,0.0038324642793241825,2809,0.0022437249188456917,1989,0.0015887393604784908,4826,0.0038548296398537942,276,2561,276,0,0,0,2533,28,0,0
2016-05-23__bonirob_2016-05-23-11-12-51_7_frame109,1251936,3369,0,0.0,23,1.8371546149323927e-05,3346,0.0026726605832886026,1508,0.0012045344170948035,1838,0.0014681261661937991,3369,0.0026910321294379264,479,1052,456,23,0,0,1052,0,0,0
2016-05-23__bonirob_2016-05-23-11-12-51_7_frame111,1251936,4357,0,0.0,427,0.000341071748076579,3930,0.003139138102906219,1714,0.0013690795695626614,2216,0.0017700585333435576,4357,0.003480209850982798,654,1487,227,427,0,0,1487,0,0,0
2016-05-23__bonirob_2016-05-23-11-12-51_7_frame116,1251936,5702,0,0.0,0,0.0,5702,0.004554545919280219,2485,0.0019849257470030417,3217,0.0025696201722771772,5702,0.004554545919280219,669,1816,669,0,0,0,1816,0,0,0
2016-05-23__bonirob_2016-05-23-11-12-51_7_frame119,1251936,4157,0,0.0,183,0.00014617360631853386,3974,0.0031742836694527514,1313,0.001048775656263579,2661,0.0021255080131891728,4157,0.0033204572757712853,249,1247,66,183,0,0,1247,0,0,0
2016-05-23__bonirob_2016-05-23-11-12-51_7_frame137,1251936,1041,0,0.0,0,0.0,1041,0.0008315121539759221,800,0.0006390103008460496,241,0.00019250185312987244,1041,0.0008315121539759221,66,734,66,0,0,0,734,0,0,0
2016-05-23__bonirob_2016-05-23-11-12-51_7_frame190,1251936,5776,15,1.198144314086343e-05,9,7.188865884518058e-06,5752,0.004594484063083097,3308,0.002642307593998415,2444,0.0019521764690846816,5761,0.004601672928967615,532,2785,532,0,0,0,2776,9,0,0
